"Data";"Hora (UTC)";"Temp. Ins. (C)";"Temp. Max. (C)";"Temp. Min. (C)";"Umi. Ins. (%)";"Umi. Max. (%)";"Umi. Min. (%)";"Pto Orvalho Ins. (C)";"Pto Orvalho Max. (C)";"Pto Orvalho Min. (C)";"Pressao Ins. (hPa)";"Pressao Max. (hPa)";"Pressao Min. (hPa)";"Vel. Vento (m/s)";"Dir. Vento (m/s)";"Raj. Vento (m/s)";"Radiacao (KJ/m²)";"Chuva (mm)"
"01/04/2026";"0000";"25,2";"25,8";"25,1";"89,0";"90,0";"86,0";"23,3";"23,4";"23,2";"965,0";"965,0";"964,0";"0,0";"23,0";"0,0";"";"0,0"
"01/04/2026";"0100";"25,2";"25,4";"25,0";"88,0";"89,0";"88,0";"23,1";"23,4";"23,0";"966,0";"966,0";"965,0";"0,3";"38,0";"3,5";"0,30";"0,0"
"01/04/2026";"0200";"25,4";"25,9";"25,2";"82,0";"88,0";"81,0";"22,2";"23,1";"22,1";"966,1";"966,1";"966,0";"0,2";"22,0";"3,5";"";"0,0"
"01/04/2026";"0300";"25,0";"25,4";"24,6";"85,0";"87,0";"82,0";"22,3";"22,3";"22,1";"965,8";"966,1";"965,8";"0,2";"56,0";"2,3";"";"0,0"
"01/04/2026";"0400";"24,7";"25,1";"24,7";"86,0";"87,0";"85,0";"22,3";"22,4";"22,2";"965,6";"965,8";"965,6";"0,1";"65,0";"3,0";"";"0,0"
"01/04/2026";"0500";"24,6";"24,8";"24,6";"87,0";"87,0";"86,0";"22,4";"22,4";"22,2";"965,3";"965,6";"965,3";"0,0";"291,0";"1,5";"";"0,0"
"01/04/2026";"0600";"24,6";"24,7";"24,5";"85,0";"88,0";"85,0";"21,9";"22,4";"21,9";"965,0";"965,3";"965,0";"0,1";"72,0";"1,2";"";"0,0"
"01/04/2026";"0700";"24,6";"24,6";"24,5";"86,0";"86,0";"84,0";"22,0";"22,0";"21,7";"965,0";"965,1";"965,0";"0,1";"64,0";"1,8";"";"0,0"
"01/04/2026";"0800";"23,5";"24,6";"23,5";"92,0";"92,0";"85,0";"22,1";"22,1";"21,7";"965,2";"965,3";"965,0";"0,5";"111,0";"2,3";"";"2,2"
"01/04/2026";"0900";"23,2";"23,5";"23,2";"94,0";"94,0";"92,0";"22,2";"22,3";"22,1";"965,4";"965,4";"965,1";"0,0";"336,0";"2,2";"1,80";"0,0"
"01/04/2026";"1000";"23,6";"23,7";"23,2";"95,0";"95,0";"94,0";"22,8";"22,8";"22,2";"965,9";"966,0";"965,4";"0,0";"330,0";"1,9";"89,10";"0,0"
"01/04/2026";"1100";"26,2";"26,2";"23,6";"83,0";"95,0";"82,0";"23,0";"23,4";"22,6";"966,4";"966,4";"965,9";"0,1";"51,0";"1,6";"1052,70";"0,0"
"01/04/2026";"1200";"27,3";"27,3";"26,2";"76,0";"83,0";"75,0";"22,8";"23,2";"21,9";"966,8";"966,8";"966,4";"0,0";"99,0";"2,6";"1383,20";"0,0"
"01/04/2026";"1300";"28,8";"28,9";"27,3";"66,0";"79,0";"66,0";"21,8";"23,6";"21,7";"967,2";"967,2";"966,8";"2,9";"66,0";"6,1";"1988,30";"0,0"
"01/04/2026";"1400";"29,8";"29,8";"28,7";"63,0";"67,0";"63,0";"22,1";"22,9";"21,7";"966,5";"967,2";"966,5";"2,1";"66,0";"6,1";"2452,00";"0,0"
"01/04/2026";"1500";"30,0";"31,3";"29,8";"62,0";"65,0";"58,0";"21,9";"22,7";"21,5";"965,8";"966,5";"965,8";"2,5";"63,0";"6,3";"2537,00";"0,0"
"01/04/2026";"1600";"31,9";"32,0";"30,0";"57,0";"63,0";"55,0";"22,2";"22,8";"21,2";"964,8";"965,8";"964,8";"2,1";"39,0";"5,4";"2461,80";"0,0"
"01/04/2026";"1700";"32,1";"32,7";"31,2";"54,0";"58,0";"53,0";"21,7";"23,0";"21,1";"963,3";"964,8";"963,3";"1,7";"42,0";"4,8";"2927,40";"0,0"
"01/04/2026";"1800";"31,5";"32,6";"31,5";"55,0";"57,0";"53,0";"21,3";"22,6";"21,2";"962,6";"963,3";"962,6";"1,9";"40,0";"5,0";"2198,50";"0,0"
"01/04/2026";"1900";"30,3";"33,0";"30,3";"68,0";"68,0";"53,0";"23,7";"23,8";"21,1";"961,9";"962,6";"961,8";"1,7";"188,0";"6,3";"1434,30";"0,0"
"01/04/2026";"2000";"29,9";"30,4";"29,8";"67,0";"68,0";"65,0";"23,1";"23,6";"22,7";"962,0";"962,1";"961,8";"1,0";"202,0";"4,4";"425,20";"0,0"
"01/04/2026";"2100";"28,3";"29,9";"28,3";"72,0";"72,0";"66,0";"22,8";"23,3";"22,6";"962,9";"962,9";"961,9";"1,0";"183,0";"3,9";"147,30";"0,0"
"01/04/2026";"2200";"27,1";"28,3";"27,1";"78,0";"78,0";"72,0";"22,9";"23,0";"22,6";"963,7";"963,7";"962,9";"0,4";"189,0";"3,9";"";"0,0"
"01/04/2026";"2300";"26,1";"27,1";"26,0";"84,0";"84,0";"78,0";"23,1";"23,2";"22,8";"965,0";"965,0";"963,7";"1,6";"114,0";"3,8";"";"0,0"
"02/04/2026";"0000";"26,0";"26,3";"25,9";"83,0";"84,0";"82,0";"23,0";"23,1";"22,7";"965,9";"965,9";"965,0";"0,1";"27,0";"3,2";"";"0,0"
"02/04/2026";"0100";"24,9";"26,1";"24,9";"87,0";"88,0";"83,0";"22,7";"23,5";"22,6";"966,5";"966,5";"965,9";"1,3";"294,0";"2,8";"";"0,0"
"02/04/2026";"0200";"24,1";"24,9";"24,1";"91,0";"91,0";"87,0";"22,5";"22,7";"22,3";"966,9";"966,9";"966,5";"0,2";"282,0";"2,8";"";"0,0"
"02/04/2026";"0300";"24,0";"24,2";"24,0";"91,0";"91,0";"90,0";"22,5";"22,5";"22,4";"966,4";"967,0";"966,4";"0,6";"264,0";"2,4";"";"0,0"
"02/04/2026";"0400";"24,3";"24,3";"24,1";"92,0";"92,0";"91,0";"22,8";"22,8";"22,5";"965,9";"966,4";"965,9";"0,0";"263,0";"2,5";"";"0,0"
"02/04/2026";"0500";"24,3";"24,4";"24,3";"92,0";"92,0";"91,0";"22,9";"23,0";"22,8";"965,5";"965,9";"965,5";"0,0";"313,0";"1,3";"";"0,0"
"02/04/2026";"0600";"24,3";"24,5";"24,2";"92,0";"93,0";"92,0";"23,0";"23,1";"22,9";"965,1";"965,5";"965,0";"0,0";"275,0";"1,2";"";"0,0"
"02/04/2026";"0700";"24,6";"24,7";"24,0";"85,0";"95,0";"85,0";"21,9";"23,2";"21,9";"964,8";"965,1";"964,8";"0,0";"122,0";"1,1";"";"0,0"
"02/04/2026";"0800";"23,7";"24,7";"23,7";"89,0";"89,0";"83,0";"21,7";"21,8";"21,6";"965,1";"965,1";"964,8";"0,0";"53,0";"1,5";"";"0,0"
"02/04/2026";"0900";"23,9";"24,0";"23,6";"86,0";"91,0";"86,0";"21,4";"22,1";"21,4";"965,7";"965,7";"965,1";"0,1";"155,0";"2,6";"";"0,0"
"02/04/2026";"1000";"24,4";"24,8";"23,8";"83,0";"87,0";"81,0";"21,2";"21,5";"21,1";"966,0";"966,0";"965,6";"0,4";"121,0";"2,9";"243,10";"0,0"
"02/04/2026";"1100";"25,1";"25,1";"24,4";"73,0";"83,0";"73,0";"19,9";"21,3";"19,7";"967,0";"967,0";"966,0";"1,2";"99,0";"3,0";"608,10";"0,0"
"02/04/2026";"1200";"26,7";"26,7";"25,1";"64,0";"74,0";"64,0";"19,3";"20,4";"19,3";"967,7";"967,7";"967,0";"1,9";"116,0";"3,0";"1231,30";"0,0"
"02/04/2026";"1300";"28,7";"28,8";"26,7";"61,0";"65,0";"58,0";"20,5";"20,5";"19,1";"968,0";"968,0";"967,7";"0,6";"95,0";"2,9";"2322,50";"0,0"
"02/04/2026";"1400";"30,2";"30,6";"28,7";"57,0";"62,0";"56,0";"20,8";"21,3";"19,8";"967,7";"968,0";"967,7";"1,8";"65,0";"5,0";"3016,90";"0,0"
"02/04/2026";"1500";"30,9";"31,5";"30,0";"56,0";"59,0";"53,0";"21,0";"21,8";"20,2";"966,9";"967,7";"966,8";"1,8";"40,0";"5,3";"2642,70";"0,0"
"02/04/2026";"1600";"32,2";"32,5";"30,5";"53,0";"58,0";"52,0";"21,3";"22,1";"20,7";"966,2";"966,9";"966,2";"3,1";"61,0";"6,1";"3054,90";"0,0"
"02/04/2026";"1700";"31,3";"32,3";"31,0";"56,0";"60,0";"52,0";"21,6";"22,5";"20,9";"965,4";"966,2";"965,4";"2,8";"48,0";"6,9";"2078,90";"0,0"
"02/04/2026";"1800";"31,8";"32,0";"31,2";"54,0";"57,0";"52,0";"21,4";"21,8";"20,7";"964,5";"965,4";"964,5";"1,7";"48,0";"5,5";"1896,60";"0,0"
"02/04/2026";"1900";"31,2";"32,2";"31,2";"54,0";"57,0";"53,0";"20,7";"22,1";"20,6";"963,8";"964,5";"963,8";"2,1";"53,0";"4,5";"1653,50";"0,0"
"02/04/2026";"2000";"31,2";"31,3";"30,7";"55,0";"58,0";"53,0";"21,0";"21,6";"20,5";"963,9";"963,9";"963,7";"0,5";"28,0";"4,3";"658,20";"0,0"
"02/04/2026";"2100";"29,9";"31,2";"29,9";"60,0";"60,0";"55,0";"21,4";"21,5";"20,6";"964,8";"964,8";"963,9";"0,0";"273,0";"2,1";"181,10";"0,0"
"02/04/2026";"2200";"26,4";"29,9";"26,3";"79,0";"79,0";"60,0";"22,4";"23,0";"21,3";"965,3";"965,5";"964,8";"3,0";"146,0";"7,6";"2,30";"0,6"
"02/04/2026";"2300";"25,9";"27,3";"25,9";"80,0";"82,0";"77,0";"22,3";"23,1";"22,2";"966,6";"966,6";"965,2";"0,1";"158,0";"7,6";"15,70";"0,0"
"03/04/2026";"0000";"25,6";"26,4";"25,6";"84,0";"84,0";"77,0";"22,7";"22,8";"21,8";"967,6";"967,6";"966,6";"0,2";"184,0";"4,8";"6,70";"0,0"
"03/04/2026";"0100";"25,5";"25,8";"25,5";"82,0";"85,0";"81,0";"22,3";"23,0";"22,1";"968,2";"968,2";"967,6";"0,1";"169,0";"2,5";"";"0,0"
"03/04/2026";"0200";"24,7";"25,6";"24,7";"85,0";"85,0";"82,0";"22,0";"22,7";"21,8";"968,8";"968,8";"968,2";"0,0";"358,0";"1,7";"";"0,0"
"03/04/2026";"0300";"24,2";"24,8";"24,2";"87,0";"88,0";"85,0";"22,0";"22,2";"21,9";"968,2";"968,8";"968,1";"0,9";"346,0";"3,7";"";"0,0"
"03/04/2026";"0400";"23,7";"24,2";"23,7";"88,0";"89,0";"87,0";"21,6";"22,0";"21,6";"967,8";"968,2";"967,8";"0,0";"330,0";"3,0";"";"0,0"
"03/04/2026";"0500";"23,4";"23,7";"23,3";"89,0";"89,0";"88,0";"21,5";"21,7";"21,4";"967,3";"967,8";"967,3";"0,0";"273,0";"0,0";"";"0,0"
"03/04/2026";"0600";"22,7";"23,4";"22,7";"93,0";"93,0";"89,0";"21,5";"21,6";"21,4";"966,8";"967,3";"966,7";"0,0";"260,0";"1,3";"";"0,0"
"03/04/2026";"0700";"22,8";"22,9";"22,7";"92,0";"93,0";"92,0";"21,4";"21,6";"21,4";"966,8";"966,8";"966,6";"0,0";"294,0";"1,0";"";"0,0"
"03/04/2026";"0800";"22,0";"22,8";"22,0";"94,0";"94,0";"92,0";"21,1";"21,5";"21,1";"967,0";"967,0";"966,7";"0,9";"316,0";"2,5";"";"0,0"
"03/04/2026";"0900";"21,5";"22,0";"21,5";"95,0";"95,0";"94,0";"20,6";"21,1";"20,6";"968,0";"968,0";"967,0";"0,2";"324,0";"2,5";"";"0,0"
"03/04/2026";"1000";"22,5";"22,5";"21,4";"93,0";"95,0";"93,0";"21,3";"21,3";"20,6";"968,8";"968,8";"968,0";"0,0";"265,0";"1,6";"199,10";"0,0"
"03/04/2026";"1100";"25,6";"25,6";"22,5";"81,0";"93,0";"81,0";"22,0";"22,3";"21,3";"969,6";"969,6";"968,8";"0,4";"54,0";"2,2";"982,20";"0,0"
"03/04/2026";"1200";"27,1";"27,1";"25,4";"73,0";"81,0";"72,0";"21,9";"22,1";"21,4";"970,0";"970,0";"969,6";"0,9";"97,0";"3,3";"1354,00";"0,0"
"03/04/2026";"1300";"28,6";"28,7";"27,1";"64,0";"73,0";"64,0";"21,1";"22,4";"21,1";"969,7";"970,0";"969,7";"0,5";"154,0";"3,5";"2135,50";"0,0"
"03/04/2026";"1400";"29,4";"29,4";"28,1";"65,0";"66,0";"63,0";"22,1";"22,1";"20,7";"969,4";"969,7";"969,4";"1,2";"126,0";"3,7";"1775,80";"0,0"
"03/04/2026";"1500";"29,5";"30,1";"28,9";"61,0";"65,0";"59,0";"21,3";"22,1";"20,8";"968,6";"969,5";"968,6";"1,0";"150,0";"4,0";"2067,00";"0,0"
"03/04/2026";"1600";"30,3";"30,3";"29,5";"61,0";"63,0";"58,0";"22,0";"22,2";"20,8";"967,5";"968,6";"967,5";"0,9";"182,0";"3,3";"1658,90";"0,0"
"03/04/2026";"1700";"31,1";"31,6";"30,1";"60,0";"63,0";"57,0";"22,4";"22,7";"21,2";"966,5";"967,5";"966,5";"1,0";"215,0";"3,9";"2689,40";"0,0"
"03/04/2026";"1800";"30,6";"31,7";"30,2";"62,0";"64,0";"57,0";"22,4";"23,1";"21,9";"966,0";"966,5";"966,0";"1,4";"180,0";"3,6";"1948,40";"0,0"
"03/04/2026";"1900";"30,2";"30,9";"30,1";"65,0";"65,0";"60,0";"22,8";"22,9";"21,9";"965,7";"966,0";"965,6";"1,3";"184,0";"3,6";"1243,30";"0,0"
"03/04/2026";"2000";"29,9";"30,6";"29,8";"65,0";"67,0";"63,0";"22,7";"23,1";"22,6";"965,5";"965,7";"965,5";"0,7";"174,0";"3,9";"829,30";"0,0"
"03/04/2026";"2100";"28,4";"30,0";"28,4";"72,0";"72,0";"65,0";"22,9";"23,0";"22,5";"965,5";"965,6";"965,5";"0,5";"187,0";"3,2";"141,70";"0,0"
"03/04/2026";"2200";"27,4";"28,4";"27,4";"78,0";"78,0";"72,0";"23,2";"23,4";"22,8";"965,9";"965,9";"965,5";"0,1";"166,0";"2,5";"";"0,0"
"03/04/2026";"2300";"26,8";"27,4";"26,8";"82,0";"83,0";"78,0";"23,6";"23,6";"23,2";"966,6";"966,6";"965,9";"0,8";"130,0";"2,7";"";"0,0"
"04/04/2026";"0000";"26,5";"26,8";"26,5";"83,0";"83,0";"82,0";"23,3";"23,6";"23,3";"967,3";"967,3";"966,6";"0,3";"123,0";"2,4";"";"0,0"
"04/04/2026";"0100";"25,9";"26,5";"25,9";"85,0";"85,0";"83,0";"23,2";"23,5";"23,1";"967,5";"967,5";"967,3";"0,2";"105,0";"2,6";"";"0,0"
"04/04/2026";"0200";"24,9";"25,9";"24,9";"87,0";"87,0";"82,0";"22,5";"23,1";"22,5";"967,8";"967,8";"967,5";"0,1";"63,0";"2,6";"";"0,0"
"04/04/2026";"0300";"23,6";"24,9";"23,6";"92,0";"92,0";"87,0";"22,3";"23,1";"22,3";"967,7";"967,8";"967,6";"0,0";"273,0";"1,4";"";"0,0"
"04/04/2026";"0400";"23,5";"24,4";"23,2";"89,0";"94,0";"82,0";"21,6";"22,2";"20,8";"967,4";"967,7";"967,4";"0,3";"246,0";"2,0";"";"0,0"
"04/04/2026";"0500";"22,6";"23,5";"22,5";"93,0";"93,0";"89,0";"21,5";"22,0";"21,4";"967,0";"967,4";"967,0";"0,0";"293,0";"1,6";"";"0,0"
"04/04/2026";"0600";"21,6";"22,6";"21,6";"94,0";"94,0";"93,0";"20,5";"21,5";"20,5";"966,6";"967,0";"966,5";"0,0";"272,0";"1,4";"";"0,0"
"04/04/2026";"0700";"21,4";"22,0";"21,4";"92,0";"94,0";"91,0";"20,1";"20,7";"20,1";"966,4";"966,6";"966,4";"0,2";"279,0";"1,9";"";"0,0"
"04/04/2026";"0800";"20,8";"21,4";"20,7";"94,0";"95,0";"92,0";"19,8";"20,1";"19,7";"966,7";"966,8";"966,4";"0,1";"283,0";"2,4";"";"0,0"
"04/04/2026";"0900";"20,8";"21,0";"20,8";"93,0";"94,0";"93,0";"19,7";"20,0";"19,7";"967,2";"967,2";"966,7";"0,4";"293,0";"3,1";"0,90";"0,0"
"04/04/2026";"1000";"22,6";"22,6";"20,7";"90,0";"94,0";"90,0";"20,9";"20,9";"19,7";"968,0";"968,0";"967,2";"0,1";"295,0";"2,1";"306,40";"0,0"
"04/04/2026";"1100";"25,9";"26,1";"22,6";"77,0";"90,0";"77,0";"21,5";"22,4";"20,7";"968,6";"968,6";"968,0";"0,0";"313,0";"2,3";"1140,80";"0,0"
"04/04/2026";"1200";"28,1";"28,3";"25,8";"68,0";"77,0";"67,0";"21,7";"22,1";"20,8";"969,2";"969,2";"968,6";"0,6";"77,0";"2,8";"1773,70";"0,0"
"04/04/2026";"1300";"29,3";"29,3";"27,6";"63,0";"70,0";"63,0";"21,6";"22,1";"21,0";"969,3";"969,3";"969,2";"0,5";"135,0";"5,4";"2298,60";"0,0"
"04/04/2026";"1400";"30,5";"30,5";"29,1";"61,0";"66,0";"59,0";"22,2";"22,3";"21,2";"968,5";"969,3";"968,5";"1,0";"194,0";"4,7";"2788,80";"0,0"
"04/04/2026";"1500";"31,5";"31,9";"30,5";"55,0";"62,0";"54,0";"21,4";"22,5";"21,2";"967,4";"968,5";"967,4";"1,8";"76,0";"4,9";"3017,40";"0,0"
"04/04/2026";"1600";"30,9";"33,0";"30,9";"57,0";"58,0";"50,0";"21,4";"22,4";"20,7";"966,4";"967,4";"966,4";"1,0";"121,0";"6,5";"2502,40";"0,0"
"04/04/2026";"1700";"31,4";"33,6";"30,9";"55,0";"58,0";"50,0";"21,4";"23,0";"21,2";"965,8";"966,4";"965,7";"1,1";"194,0";"4,4";"2117,20";"0,0"
"04/04/2026";"1800";"32,1";"33,3";"31,1";"56,0";"56,0";"51,0";"22,1";"22,7";"20,6";"965,0";"965,8";"965,0";"1,5";"209,0";"4,9";"1946,80";"0,0"
"04/04/2026";"1900";"32,7";"33,0";"31,1";"53,0";"60,0";"52,0";"22,0";"22,6";"21,5";"964,6";"965,0";"964,6";"1,4";"186,0";"4,8";"1535,80";"0,0"
"04/04/2026";"2000";"29,5";"33,5";"29,0";"71,0";"73,0";"50,0";"23,7";"23,7";"21,4";"964,4";"964,8";"964,3";"0,1";"178,0";"4,7";"640,20";"0,8"
"04/04/2026";"2100";"28,0";"29,6";"28,0";"74,0";"75,0";"68,0";"23,0";"24,0";"22,7";"964,3";"964,5";"964,3";"0,0";"160,0";"4,3";"122,50";"0,0"
"04/04/2026";"2200";"27,4";"28,1";"27,4";"80,0";"80,0";"74,0";"23,6";"23,6";"22,9";"964,7";"964,7";"964,3";"0,0";"104,0";"1,1";"";"0,0"
"04/04/2026";"2300";"27,5";"27,7";"27,3";"74,0";"80,0";"74,0";"22,5";"23,6";"22,5";"965,0";"965,0";"964,7";"0,3";"89,0";"2,0";"";"0,0"
"05/04/2026";"0000";"27,1";"27,5";"27,1";"73,0";"75,0";"72,0";"21,8";"22,6";"21,8";"965,8";"965,8";"965,0";"0,1";"83,0";"3,9";"";"0,0"
"05/04/2026";"0100";"26,3";"27,1";"26,1";"76,0";"77,0";"73,0";"21,8";"22,1";"21,8";"966,2";"966,2";"965,8";"0,0";"65,0";"1,8";"";"0,0"
"05/04/2026";"0200";"25,4";"26,3";"25,4";"79,0";"79,0";"76,0";"21,4";"21,8";"21,4";"966,7";"966,7";"966,2";"0,0";"56,0";"0,9";"";"0,0"
"05/04/2026";"0300";"25,1";"25,5";"25,1";"80,0";"80,0";"77,0";"21,5";"21,5";"20,9";"967,1";"967,1";"966,7";"0,0";"185,0";"1,6";"";"0,0"
"05/04/2026";"0400";"24,4";"25,1";"24,3";"87,0";"87,0";"80,0";"22,0";"22,1";"21,5";"966,9";"967,1";"966,8";"0,0";"293,0";"1,3";"";"0,0"
"05/04/2026";"0500";"23,5";"24,6";"23,5";"87,0";"88,0";"84,0";"21,2";"22,0";"21,2";"966,6";"967,0";"966,5";"0,2";"301,0";"2,5";"";"0,0"
"05/04/2026";"0600";"23,6";"23,6";"23,1";"86,0";"89,0";"86,0";"21,1";"21,3";"21,1";"966,5";"966,6";"966,4";"0,0";"4,0";"1,8";"";"0,0"
"05/04/2026";"0700";"24,3";"24,6";"23,6";"82,0";"86,0";"80,0";"21,0";"21,2";"20,9";"966,6";"966,7";"966,5";"0,4";"73,0";"3,3";"0,20";"0,0"
"05/04/2026";"0800";"23,8";"24,3";"23,8";"87,0";"87,0";"82,0";"21,5";"21,5";"21,0";"966,7";"966,8";"966,6";"0,0";"353,0";"3,7";"";"0,0"
"05/04/2026";"0900";"23,8";"24,0";"23,7";"87,0";"89,0";"87,0";"21,5";"21,9";"21,5";"967,1";"967,1";"966,6";"0,0";"143,0";"0,9";"";"0,0"
"05/04/2026";"1000";"24,8";"25,4";"23,8";"84,0";"90,0";"83,0";"22,0";"22,4";"21,5";"967,6";"967,7";"967,1";"0,0";"326,0";"0,0";"266,20";"0,0"
"05/04/2026";"1100";"27,2";"27,3";"24,8";"70,0";"85,0";"69,0";"21,4";"22,7";"21,1";"968,0";"968,0";"967,6";"0,2";"183,0";"2,2";"1201,40";"0,0"
"05/04/2026";"1200";"28,5";"28,7";"27,2";"69,0";"71,0";"66,0";"22,3";"22,3";"21,0";"968,3";"968,3";"968,0";"0,4";"42,0";"3,4";"1989,80";"0,0"
"05/04/2026";"1300";"29,6";"29,8";"28,5";"64,0";"69,0";"62,0";"22,1";"22,5";"21,5";"968,3";"968,4";"968,3";"1,7";"36,0";"4,2";"2663,70";"0,0"
"05/04/2026";"1400";"30,4";"31,1";"29,6";"61,0";"65,0";"59,0";"22,0";"22,8";"21,6";"967,8";"968,3";"967,8";"2,3";"94,0";"6,0";"2922,50";"0,0"
"05/04/2026";"1500";"31,9";"31,9";"30,2";"59,0";"62,0";"57,0";"22,9";"23,1";"21,8";"967,0";"967,8";"967,0";"1,4";"52,0";"4,7";"2817,20";"0,0"
"05/04/2026";"1600";"32,8";"32,8";"31,3";"53,0";"59,0";"51,0";"21,9";"22,8";"20,9";"966,1";"967,0";"966,1";"2,1";"60,0";"4,7";"2911,00";"0,0"
"05/04/2026";"1700";"33,1";"33,4";"31,7";"53,0";"57,0";"51,0";"22,4";"22,6";"21,0";"965,3";"966,1";"965,3";"1,9";"43,0";"5,6";"2522,80";"0,0"
"05/04/2026";"1800";"33,0";"33,5";"32,1";"49,0";"55,0";"48,0";"20,8";"22,4";"20,8";"964,5";"965,3";"964,4";"1,5";"30,0";"5,1";"2332,80";"0,0"
"05/04/2026";"1900";"32,8";"33,6";"32,1";"49,0";"53,0";"48,0";"20,5";"21,9";"20,4";"963,9";"964,5";"963,9";"1,2";"37,0";"3,7";"1592,50";"0,0"
"05/04/2026";"2000";"32,7";"32,9";"31,9";"49,0";"52,0";"48,0";"20,6";"21,1";"20,3";"963,8";"964,0";"963,7";"0,3";"249,0";"2,6";"514,70";"0,0"
"05/04/2026";"2100";"30,7";"32,7";"30,6";"63,0";"64,0";"49,0";"22,8";"23,4";"20,4";"963,9";"963,9";"963,7";"0,7";"189,0";"3,7";"177,90";"0,0"
"05/04/2026";"2200";"28,8";"30,7";"28,8";"75,0";"75,0";"63,0";"24,0";"24,5";"22,9";"964,5";"964,5";"963,9";"1,3";"115,0";"4,3";"";"0,0"
"05/04/2026";"2300";"27,7";"28,8";"27,4";"72,0";"77,0";"70,0";"22,2";"24,1";"21,8";"965,1";"965,2";"964,5";"0,3";"243,0";"3,7";"";"0,0"
"06/04/2026";"0000";"27,1";"27,7";"27,0";"79,0";"79,0";"72,0";"23,1";"23,1";"22,2";"965,6";"965,6";"965,1";"0,0";"181,0";"1,7";"";"0,0"
"06/04/2026";"0100";"26,8";"27,1";"26,7";"80,0";"83,0";"79,0";"23,1";"23,9";"23,1";"966,6";"966,6";"965,6";"0,0";"155,0";"2,1";"";"0,0"
"06/04/2026";"0200";"26,4";"27,0";"26,4";"83,0";"83,0";"79,0";"23,2";"23,4";"23,0";"967,2";"967,3";"966,5";"0,0";"88,0";"1,7";"";"0,0"
"06/04/2026";"0300";"25,8";"26,4";"25,7";"89,0";"90,0";"82,0";"23,9";"23,9";"22,9";"967,1";"967,4";"967,1";"0,0";"354,0";"1,5";"";"0,0"
"06/04/2026";"0400";"25,3";"26,0";"25,1";"88,0";"91,0";"88,0";"23,2";"24,1";"23,0";"967,1";"967,2";"967,0";"0,0";"333,0";"1,6";"";"0,0"
"06/04/2026";"0500";"25,5";"25,9";"25,1";"81,0";"88,0";"80,0";"22,0";"23,2";"22,0";"966,6";"967,1";"966,6";"0,8";"41,0";"3,4";"";"0,0"
"06/04/2026";"0600";"24,4";"25,5";"24,4";"84,0";"84,0";"81,0";"21,6";"22,0";"21,6";"966,6";"966,7";"966,4";"0,6";"68,0";"3,4";"";"0,0"
"06/04/2026";"0700";"24,3";"24,5";"24,1";"84,0";"85,0";"84,0";"21,4";"21,7";"21,3";"966,7";"966,7";"966,4";"0,2";"93,0";"3,4";"";"0,0"
"06/04/2026";"0800";"23,6";"24,3";"23,6";"86,0";"86,0";"84,0";"21,1";"21,5";"21,0";"966,7";"966,8";"966,7";"0,8";"110,0";"2,4";"";"0,0"
"06/04/2026";"0900";"23,6";"23,7";"23,5";"85,0";"86,0";"84,0";"20,9";"21,1";"20,9";"966,9";"966,9";"966,6";"0,2";"134,0";"2,4";"";"0,0"
"06/04/2026";"1000";"24,8";"24,8";"23,6";"78,0";"85,0";"78,0";"20,8";"21,0";"20,6";"967,9";"967,9";"966,9";"1,5";"117,0";"3,3";"302,50";"0,0"
"06/04/2026";"1100";"27,1";"27,1";"24,8";"71,0";"79,0";"71,0";"21,4";"21,6";"20,8";"968,7";"968,7";"967,9";"1,2";"84,0";"3,1";"1180,90";"0,0"
"06/04/2026";"1200";"28,2";"28,5";"27,1";"66,0";"72,0";"66,0";"21,2";"22,4";"21,0";"969,2";"969,2";"968,7";"1,8";"98,0";"3,7";"1790,10";"0,0"
"06/04/2026";"1300";"29,7";"29,8";"28,1";"61,0";"67,0";"61,0";"21,4";"21,6";"20,9";"969,4";"969,4";"969,2";"2,4";"106,0";"5,2";"2006,50";"0,0"
"06/04/2026";"1400";"30,8";"30,8";"29,4";"58,0";"62,0";"57,0";"21,6";"22,0";"20,7";"969,2";"969,5";"969,1";"1,4";"54,0";"6,9";"2433,90";"0,0"
"06/04/2026";"1500";"31,4";"32,2";"30,6";"55,0";"59,0";"53,0";"21,4";"22,2";"20,8";"968,4";"969,2";"968,4";"1,3";"40,0";"5,5";"2824,80";"0,0"
"06/04/2026";"1600";"32,0";"32,9";"31,2";"54,0";"57,0";"52,0";"21,5";"22,4";"20,9";"967,4";"968,4";"967,4";"2,2";"11,0";"5,4";"3088,30";"0,0"
"06/04/2026";"1700";"32,3";"33,3";"32,0";"52,0";"55,0";"51,0";"21,1";"22,5";"21,1";"966,4";"967,4";"966,4";"2,3";"1,0";"5,6";"3176,60";"0,0"
"06/04/2026";"1800";"30,9";"33,7";"30,9";"67,0";"67,0";"49,0";"24,0";"24,0";"20,9";"965,7";"966,4";"965,5";"3,5";"121,0";"6,8";"2842,70";"1,0"
"06/04/2026";"1900";"32,2";"32,3";"28,2";"57,0";"77,0";"52,0";"22,5";"24,1";"21,0";"965,3";"965,8";"965,3";"0,0";"76,0";"6,8";"1106,60";"1,8"
"06/04/2026";"2000";"31,2";"32,6";"31,2";"60,0";"60,0";"53,0";"22,5";"22,8";"21,3";"965,6";"965,6";"965,2";"1,0";"183,0";"3,1";"842,50";"0,0"
"06/04/2026";"2100";"29,0";"31,2";"29,0";"74,0";"74,0";"60,0";"23,9";"23,9";"22,3";"966,3";"966,3";"965,6";"0,8";"177,0";"3,7";"109,40";"0,0"
"06/04/2026";"2200";"27,4";"29,0";"27,4";"78,0";"78,0";"73,0";"23,2";"24,4";"23,0";"966,7";"966,7";"966,3";"1,0";"142,0";"4,4";"";"0,0"
"06/04/2026";"2300";"26,2";"27,4";"26,2";"83,0";"83,0";"78,0";"23,1";"23,2";"23,1";"967,3";"967,3";"966,6";"1,3";"163,0";"4,4";"";"0,0"
"07/04/2026";"0000";"25,5";"26,2";"25,5";"87,0";"87,0";"83,0";"23,2";"23,3";"23,1";"967,8";"967,8";"967,3";"1,1";"161,0";"3,7";"";"0,0"
"07/04/2026";"0100";"25,1";"25,6";"25,1";"86,0";"87,0";"84,0";"22,7";"23,2";"22,6";"967,8";"967,8";"967,6";"0,5";"166,0";"3,5";"";"0,0"
"07/04/2026";"0200";"25,0";"25,1";"24,7";"86,0";"88,0";"86,0";"22,4";"22,7";"22,4";"967,6";"967,9";"967,6";"0,3";"170,0";"3,3";"";"0,0"
"07/04/2026";"0300";"24,2";"25,2";"24,2";"89,0";"89,0";"84,0";"22,3";"22,4";"22,1";"967,7";"967,9";"967,6";"0,0";"349,0";"2,5";"";"0,0"
"07/04/2026";"0400";"23,5";"24,2";"23,5";"93,0";"93,0";"89,0";"22,3";"22,6";"22,3";"967,2";"967,8";"967,2";"0,3";"318,0";"1,6";"";"0,0"
"07/04/2026";"0500";"23,1";"23,5";"23,1";"94,0";"94,0";"93,0";"22,1";"22,4";"22,1";"966,7";"967,2";"966,7";"0,1";"308,0";"1,6";"";"0,0"
"07/04/2026";"0600";"22,5";"23,2";"22,5";"95,0";"95,0";"94,0";"21,7";"22,2";"21,7";"966,9";"966,9";"966,6";"0,5";"289,0";"2,0";"";"0,0"
"07/04/2026";"0700";"22,7";"22,8";"22,3";"95,0";"96,0";"95,0";"21,9";"22,0";"21,6";"966,9";"967,0";"966,8";"0,0";"237,0";"2,0";"";"0,0"
"07/04/2026";"0800";"23,2";"23,3";"22,7";"91,0";"95,0";"91,0";"21,6";"22,0";"21,5";"967,3";"967,3";"966,9";"0,0";"86,0";"1,2";"";"0,0"
"07/04/2026";"0900";"22,5";"23,2";"22,3";"95,0";"95,0";"90,0";"21,7";"21,8";"21,3";"967,7";"967,7";"967,3";"0,0";"263,0";"0,0";"";"0,0"
"07/04/2026";"1000";"23,4";"23,4";"22,3";"93,0";"95,0";"92,0";"22,2";"22,2";"21,5";"968,5";"968,5";"967,7";"0,1";"288,0";"1,1";"309,10";"0,0"
"07/04/2026";"1100";"25,7";"25,7";"23,4";"84,0";"93,0";"84,0";"22,7";"23,1";"22,1";"969,2";"969,2";"968,5";"0,3";"271,0";"2,3";"1210,20";"0,0"
"07/04/2026";"1200";"28,2";"28,6";"25,7";"66,0";"84,0";"65,0";"21,3";"23,2";"21,1";"969,6";"969,6";"969,2";"1,4";"89,0";"4,1";"1953,60";"0,0"
"07/04/2026";"1300";"30,1";"30,1";"28,1";"60,0";"67,0";"60,0";"21,5";"22,0";"21,0";"969,6";"969,7";"969,6";"2,7";"99,0";"7,3";"2137,00";"0,0"
"07/04/2026";"1400";"30,6";"31,3";"29,4";"59,0";"63,0";"57,0";"21,6";"22,4";"20,8";"969,0";"969,6";"969,0";"2,8";"128,0";"7,3";"2539,70";"0,0"
"07/04/2026";"1500";"32,4";"32,4";"30,4";"52,0";"60,0";"52,0";"21,4";"22,4";"20,9";"967,9";"969,0";"967,9";"1,9";"121,0";"5,5";"2824,50";"0,0"
"07/04/2026";"1600";"33,3";"33,4";"31,7";"51,0";"56,0";"50,0";"22,0";"22,2";"20,8";"966,8";"967,9";"966,8";"2,3";"102,0";"5,5";"2793,70";"0,0"
"07/04/2026";"1700";"33,9";"34,4";"32,7";"46,0";"53,0";"46,0";"20,7";"22,4";"20,6";"966,0";"966,8";"966,0";"1,5";"126,0";"5,8";"3098,10";"0,0"
"07/04/2026";"1800";"32,4";"34,3";"32,4";"52,0";"52,0";"46,0";"21,1";"21,6";"20,5";"965,6";"966,0";"965,6";"1,3";"166,0";"4,6";"2300,00";"0,0"
"07/04/2026";"1900";"34,0";"34,0";"32,4";"47,0";"53,0";"47,0";"21,1";"22,0";"20,6";"965,5";"965,6";"965,4";"1,7";"70,0";"3,8";"1545,20";"0,0"
"07/04/2026";"2000";"32,6";"34,0";"32,5";"53,0";"53,0";"47,0";"21,7";"21,8";"20,4";"965,6";"965,6";"965,5";"1,4";"85,0";"4,9";"647,60";"0,0"
"07/04/2026";"2100";"31,0";"32,7";"31,0";"59,0";"59,0";"52,0";"21,9";"22,3";"21,4";"965,6";"965,7";"965,6";"1,4";"146,0";"3,3";"163,60";"0,0"
"07/04/2026";"2200";"29,4";"31,0";"29,4";"63,0";"63,0";"59,0";"21,6";"22,1";"21,5";"965,7";"965,7";"965,6";"0,9";"133,0";"2,6";"";"0,0"
"07/04/2026";"2300";"28,0";"29,4";"28,0";"68,0";"68,0";"63,0";"21,6";"21,9";"21,6";"966,4";"966,4";"965,7";"2,1";"112,0";"4,1";"";"0,0"
"08/04/2026";"0000";"27,2";"28,0";"27,2";"70,0";"70,0";"68,0";"21,3";"21,6";"21,3";"967,3";"967,3";"966,4";"0,6";"107,0";"4,3";"";"0,0"
"08/04/2026";"0100";"26,5";"27,2";"26,5";"73,0";"73,0";"71,0";"21,3";"21,4";"21,1";"967,5";"967,5";"967,3";"0,1";"90,0";"2,3";"";"0,0"
"08/04/2026";"0200";"24,9";"26,5";"24,9";"82,0";"82,0";"73,0";"21,7";"21,7";"21,3";"967,6";"967,6";"967,5";"0,0";"292,0";"1,6";"";"0,0"
"08/04/2026";"0300";"23,7";"24,9";"23,7";"86,0";"86,0";"82,0";"21,1";"21,7";"21,1";"967,0";"967,6";"966,9";"0,0";"270,0";"1,7";"";"0,0"
"08/04/2026";"0400";"24,0";"24,0";"23,5";"84,0";"86,0";"84,0";"21,2";"21,2";"20,9";"966,6";"966,9";"966,6";"0,3";"235,0";"1,7";"";"0,0"
"08/04/2026";"0500";"23,3";"24,3";"23,2";"88,0";"88,0";"82,0";"21,2";"21,3";"20,9";"966,4";"966,6";"966,4";"0,0";"288,0";"1,8";"";"0,0"
"08/04/2026";"0600";"22,3";"23,3";"22,3";"91,0";"91,0";"88,0";"20,8";"21,4";"20,8";"966,6";"966,6";"966,4";"0,0";"269,0";"2,0";"";"0,0"
"08/04/2026";"0700";"22,0";"22,4";"22,0";"89,0";"92,0";"88,0";"20,1";"20,9";"20,1";"966,5";"966,6";"966,3";"0,1";"277,0";"2,5";"";"0,0"
"08/04/2026";"0800";"21,6";"22,0";"21,6";"90,0";"90,0";"89,0";"19,8";"20,2";"19,8";"966,9";"966,9";"966,5";"0,3";"259,0";"2,1";"";"0,0"
"08/04/2026";"0900";"21,3";"21,8";"21,3";"91,0";"91,0";"90,0";"19,8";"20,1";"19,8";"967,5";"967,5";"966,9";"0,0";"278,0";"1,7";"";"0,0"
"08/04/2026";"1000";"22,8";"22,8";"21,3";"86,0";"92,0";"86,0";"20,4";"20,6";"19,8";"968,0";"968,0";"967,4";"0,1";"323,0";"1,3";"312,20";"0,0"
"08/04/2026";"1100";"26,6";"26,6";"22,8";"74,0";"86,0";"74,0";"21,6";"22,0";"20,5";"968,5";"968,6";"968,0";"0,0";"323,0";"1,3";"1180,60";"0,0"
"08/04/2026";"1200";"28,3";"28,3";"26,6";"65,0";"74,0";"65,0";"21,1";"21,6";"20,6";"969,2";"969,2";"968,5";"0,1";"39,0";"2,1";"2016,30";"0,0"
"08/04/2026";"1300";"29,9";"30,2";"28,4";"60,0";"66,0";"59,0";"21,3";"22,2";"20,7";"969,1";"969,3";"969,1";"1,0";"69,0";"3,3";"2574,60";"0,0"
"08/04/2026";"1400";"31,4";"31,4";"29,0";"60,0";"63,0";"57,0";"22,7";"22,7";"20,6";"968,4";"969,1";"968,4";"0,8";"34,0";"4,0";"2906,00";"0,0"
"08/04/2026";"1500";"32,3";"32,9";"31,3";"55,0";"60,0";"53,0";"22,2";"23,0";"21,2";"967,4";"968,4";"967,4";"0,7";"309,0";"3,7";"3115,30";"0,0"
"08/04/2026";"1600";"33,8";"34,2";"32,0";"50,0";"56,0";"49,0";"21,8";"23,0";"21,2";"966,4";"967,4";"966,4";"1,0";"191,0";"4,5";"3153,80";"0,0"
"08/04/2026";"1700";"34,3";"34,8";"33,1";"48,0";"52,0";"45,0";"21,6";"22,5";"21,2";"965,5";"966,4";"965,5";"1,3";"176,0";"5,3";"2967,60";"0,0"
"08/04/2026";"1800";"34,9";"35,0";"33,7";"47,0";"48,0";"44,0";"22,0";"22,2";"20,6";"964,3";"965,5";"964,3";"0,9";"196,0";"4,0";"2670,00";"0,0"
"08/04/2026";"1900";"33,9";"35,0";"33,9";"48,0";"49,0";"44,0";"21,2";"22,1";"20,3";"964,2";"964,3";"964,0";"2,7";"146,0";"4,6";"1847,00";"0,0"
"08/04/2026";"2000";"31,8";"34,4";"31,7";"57,0";"57,0";"44,0";"22,0";"22,0";"20,0";"963,8";"964,2";"963,7";"2,9";"133,0";"7,1";"895,40";"0,0"
"08/04/2026";"2100";"29,8";"31,8";"29,7";"62,0";"64,0";"57,0";"21,8";"22,4";"21,6";"963,6";"963,8";"963,5";"0,9";"126,0";"5,1";"168,70";"0,0"
"08/04/2026";"2200";"27,7";"29,8";"27,7";"73,0";"73,0";"62,0";"22,4";"22,6";"21,8";"964,4";"964,4";"963,5";"1,9";"105,0";"3,6";"";"0,0"
"08/04/2026";"2300";"27,5";"27,7";"27,2";"74,0";"74,0";"73,0";"22,3";"22,5";"22,0";"965,1";"965,1";"964,4";"0,3";"118,0";"3,6";"";"0,0"
"09/04/2026";"0000";"26,9";"27,5";"26,6";"78,0";"80,0";"74,0";"22,8";"22,9";"22,2";"966,0";"966,1";"965,1";"0,7";"56,0";"3,6";"";"0,0"
"09/04/2026";"0100";"26,8";"27,0";"26,6";"77,0";"80,0";"77,0";"22,4";"23,1";"22,4";"966,9";"966,9";"966,0";"2,0";"134,0";"4,6";"";"0,0"
"09/04/2026";"0200";"26,3";"26,8";"26,3";"78,0";"78,0";"76,0";"22,0";"22,3";"22,0";"967,3";"967,3";"966,9";"0,1";"97,0";"4,3";"";"0,0"
"09/04/2026";"0300";"25,9";"26,3";"25,9";"80,0";"80,0";"77,0";"22,2";"22,2";"21,9";"967,1";"967,3";"967,1";"0,0";"51,0";"1,5";"";"0,0"
"09/04/2026";"0400";"24,9";"25,9";"24,9";"84,0";"84,0";"80,0";"22,1";"22,5";"22,1";"966,7";"967,1";"966,7";"0,0";"32,0";"1,2";"";"0,0"
"09/04/2026";"0500";"24,8";"25,2";"24,8";"87,0";"87,0";"81,0";"22,4";"22,4";"21,6";"966,4";"966,7";"966,3";"0,0";"330,0";"1,5";"";"0,0"
"09/04/2026";"0600";"24,1";"24,9";"24,1";"86,0";"87,0";"85,0";"21,5";"22,5";"21,5";"966,3";"966,4";"966,1";"1,1";"317,0";"2,7";"";"0,0"
"09/04/2026";"0700";"23,3";"24,1";"23,3";"88,0";"88,0";"86,0";"21,2";"21,6";"21,2";"966,5";"966,5";"966,2";"0,1";"330,0";"2,7";"";"0,0"
"09/04/2026";"0800";"22,5";"23,4";"22,5";"91,0";"91,0";"88,0";"20,9";"21,3";"20,8";"966,6";"966,6";"966,3";"0,8";"335,0";"3,2";"";"0,0"
"09/04/2026";"0900";"23,5";"23,5";"22,3";"88,0";"92,0";"88,0";"21,4";"21,6";"20,8";"967,1";"967,1";"966,5";"1,7";"17,0";"3,6";"";"0,0"
"09/04/2026";"1000";"25,3";"25,3";"23,5";"80,0";"88,0";"80,0";"21,5";"21,6";"21,4";"967,3";"967,3";"967,1";"1,5";"42,0";"4,0";"301,80";"0,0"
"09/04/2026";"1100";"27,5";"27,5";"25,3";"72,0";"80,0";"72,0";"21,9";"22,1";"21,5";"967,8";"967,8";"967,3";"2,4";"68,0";"5,6";"1174,90";"0,0"
"09/04/2026";"1200";"28,8";"28,8";"27,4";"67,0";"72,0";"66,0";"22,2";"22,2";"21,4";"968,1";"968,1";"967,8";"2,2";"77,0";"5,5";"1930,70";"0,0"
"09/04/2026";"1300";"30,1";"30,1";"28,8";"63,0";"67,0";"61,0";"22,2";"22,7";"21,7";"967,9";"968,2";"967,9";"1,7";"56,0";"4,4";"2603,40";"0,0"
"09/04/2026";"1400";"30,7";"30,8";"29,9";"59,0";"63,0";"57,0";"21,8";"22,5";"20,9";"967,4";"968,0";"967,4";"1,0";"40,0";"4,3";"2964,80";"0,0"
"09/04/2026";"1500";"31,4";"31,9";"30,5";"56,0";"61,0";"55,0";"21,6";"22,9";"21,2";"966,4";"967,4";"966,4";"1,2";"339,0";"4,5";"3244,30";"0,0"
"09/04/2026";"1600";"31,9";"32,4";"31,3";"53,0";"58,0";"53,0";"21,2";"22,5";"21,0";"965,6";"966,4";"965,6";"1,3";"76,0";"3,9";"2762,70";"0,0"
"09/04/2026";"1700";"33,5";"34,0";"31,7";"48,0";"57,0";"47,0";"20,9";"22,1";"20,2";"964,8";"965,6";"964,8";"1,3";"196,0";"3,8";"2974,10";"0,0"
"09/04/2026";"1800";"33,4";"33,9";"32,7";"48,0";"51,0";"47,0";"21,0";"21,6";"20,8";"963,5";"964,8";"963,5";"2,0";"274,0";"6,0";"2654,80";"0,0"
"09/04/2026";"1900";"33,5";"34,2";"33,4";"48,0";"50,0";"45,0";"20,9";"22,2";"20,2";"962,9";"963,5";"962,8";"0,6";"194,0";"4,7";"1785,90";"0,0"
"09/04/2026";"2000";"31,0";"33,9";"31,0";"58,0";"58,0";"46,0";"21,8";"21,8";"20,5";"963,6";"963,6";"962,9";"2,7";"85,0";"7,4";"932,60";"0,0"
"09/04/2026";"2100";"28,8";"31,0";"28,8";"67,0";"68,0";"58,0";"22,1";"22,5";"21,8";"963,7";"963,8";"963,6";"0,1";"96,0";"7,4";"162,90";"0,0"
"09/04/2026";"2200";"27,7";"29,1";"27,7";"74,0";"74,0";"66,0";"22,6";"22,6";"21,9";"964,3";"964,3";"963,6";"1,6";"141,0";"4,1";"";"0,0"
"09/04/2026";"2300";"27,4";"27,8";"27,3";"74,0";"74,0";"72,0";"22,4";"22,6";"22,0";"965,4";"965,4";"964,3";"0,7";"293,0";"3,6";"";"0,0"
"10/04/2026";"0000";"26,3";"27,4";"26,2";"79,0";"79,0";"74,0";"22,3";"22,5";"22,1";"966,0";"966,0";"965,4";"0,0";"302,0";"3,1";"";"0,0"
"10/04/2026";"0100";"26,8";"27,0";"26,2";"81,0";"81,0";"78,0";"23,3";"23,3";"22,2";"966,3";"966,4";"966,0";"0,1";"191,0";"2,3";"1,40";"0,0"
"10/04/2026";"0200";"26,6";"27,0";"26,5";"80,0";"83,0";"80,0";"22,9";"23,8";"22,9";"967,0";"967,1";"966,3";"0,8";"110,0";"6,8";"";"0,0"
"10/04/2026";"0300";"26,5";"26,7";"26,4";"82,0";"82,0";"79,0";"23,2";"23,2";"22,8";"966,7";"967,0";"966,6";"0,2";"84,0";"2,8";"";"0,0"
"10/04/2026";"0400";"25,5";"26,5";"25,5";"85,0";"85,0";"82,0";"22,8";"23,3";"22,8";"966,5";"966,7";"966,4";"1,8";"307,0";"3,2";"";"0,0"
"10/04/2026";"0500";"25,3";"25,5";"25,1";"84,0";"85,0";"84,0";"22,4";"22,8";"22,2";"966,1";"966,5";"966,1";"0,1";"306,0";"3,7";"";"0,0"
"10/04/2026";"0600";"25,1";"25,6";"25,1";"84,0";"84,0";"82,0";"22,2";"22,4";"22,2";"965,9";"966,1";"965,8";"0,0";"284,0";"1,9";"";"0,0"
"10/04/2026";"0700";"24,5";"25,1";"24,5";"88,0";"88,0";"84,0";"22,3";"22,4";"22,2";"965,7";"965,9";"965,7";"0,0";"288,0";"2,4";"";"0,0"
"10/04/2026";"0800";"24,0";"24,5";"24,0";"90,0";"90,0";"88,0";"22,3";"22,5";"22,3";"965,9";"965,9";"965,6";"0,0";"290,0";"1,8";"";"0,0"
"10/04/2026";"0900";"23,5";"24,0";"23,5";"93,0";"93,0";"90,0";"22,2";"22,4";"22,2";"966,6";"966,6";"965,9";"0,0";"280,0";"0,9";"";"0,0"
"10/04/2026";"1000";"25,9";"26,0";"23,4";"82,0";"93,0";"82,0";"22,5";"23,1";"22,2";"967,3";"967,3";"966,6";"0,0";"163,0";"0,4";"268,10";"0,0"
"10/04/2026";"1100";"27,2";"27,4";"25,4";"77,0";"87,0";"77,0";"22,7";"23,8";"22,5";"967,8";"967,8";"967,3";"0,0";"264,0";"1,6";"1048,50";"0,0"
"10/04/2026";"1200";"28,8";"29,0";"27,2";"69,0";"78,0";"67,0";"22,6";"23,3";"22,0";"968,2";"968,2";"967,8";"1,2";"39,0";"3,0";"1960,20";"0,0"
"10/04/2026";"1300";"30,0";"30,2";"28,6";"63,0";"70,0";"63,0";"22,1";"23,0";"21,8";"968,2";"968,4";"968,2";"0,3";"230,0";"3,0";"2586,10";"0,0"
"10/04/2026";"1400";"31,1";"31,3";"29,8";"56,0";"65,0";"55,0";"21,4";"23,2";"21,2";"967,8";"968,3";"967,7";"1,3";"20,0";"3,9";"3138,00";"0,0"
"10/04/2026";"1500";"31,7";"32,3";"30,5";"53,0";"58,0";"52,0";"21,1";"21,9";"20,7";"966,8";"967,8";"966,8";"1,8";"116,0";"4,0";"3220,60";"0,0"
"10/04/2026";"1600";"32,7";"33,3";"31,7";"48,0";"55,0";"47,0";"20,2";"22,2";"20,1";"965,5";"966,8";"965,5";"1,2";"179,0";"4,0";"3111,70";"0,0"
"10/04/2026";"1700";"33,6";"33,7";"32,5";"48,0";"52,0";"47,0";"20,9";"21,8";"19,9";"964,5";"965,5";"964,5";"1,4";"165,0";"5,4";"2959,00";"0,0"
"10/04/2026";"1800";"33,7";"34,2";"33,3";"48,0";"51,0";"46,0";"21,3";"22,1";"20,5";"963,4";"964,5";"963,4";"1,1";"152,0";"3,8";"2648,20";"0,0"
"10/04/2026";"1900";"33,8";"34,3";"33,0";"47,0";"49,0";"46,0";"20,9";"21,6";"20,3";"963,2";"963,4";"963,1";"0,5";"191,0";"3,4";"1765,00";"0,0"
"10/04/2026";"2000";"32,5";"34,1";"32,5";"53,0";"53,0";"47,0";"21,7";"21,7";"20,4";"963,6";"963,7";"963,2";"0,9";"158,0";"3,2";"789,10";"0,0"
"10/04/2026";"2100";"30,7";"32,5";"30,7";"63,0";"63,0";"53,0";"22,9";"22,9";"21,7";"964,4";"964,4";"963,6";"1,9";"143,0";"4,0";"116,60";"0,0"
"10/04/2026";"2200";"27,5";"30,7";"27,4";"67,0";"67,0";"60,0";"20,8";"22,9";"20,4";"964,7";"964,8";"964,4";"3,2";"130,0";"8,4";"0,60";"0,0"
"10/04/2026";"2300";"27,3";"27,7";"27,3";"68,0";"69,0";"67,0";"20,9";"21,2";"20,7";"965,5";"965,5";"964,7";"1,9";"139,0";"6,2";"";"0,0"
"11/04/2026";"0000";"26,8";"27,3";"26,7";"74,0";"74,0";"68,0";"21,8";"21,8";"20,9";"966,9";"966,9";"965,5";"2,3";"96,0";"4,9";"";"0,0"
"11/04/2026";"0100";"26,6";"27,3";"26,6";"75,0";"75,0";"71,0";"21,7";"21,8";"21,5";"967,5";"967,5";"966,9";"0,9";"92,0";"4,9";"";"0,0"
"11/04/2026";"0200";"26,2";"26,7";"26,1";"75,0";"77,0";"74,0";"21,5";"21,9";"21,5";"967,6";"967,8";"967,5";"1,2";"96,0";"3,2";"";"0,0"
"11/04/2026";"0300";"25,5";"26,2";"25,4";"76,0";"77,0";"75,0";"20,9";"21,5";"20,8";"967,0";"967,6";"967,0";"1,0";"47,0";"3,3";"";"0,0"
"11/04/2026";"0400";"25,4";"25,8";"25,3";"75,0";"76,0";"72,0";"20,5";"20,9";"20,3";"966,5";"967,1";"966,5";"0,0";"69,0";"3,1";"";"0,0"
"11/04/2026";"0500";"24,2";"25,4";"24,2";"79,0";"79,0";"75,0";"20,4";"20,7";"20,4";"965,9";"966,5";"965,9";"0,0";"257,0";"1,9";"";"0,0"
"11/04/2026";"0600";"23,7";"24,4";"23,4";"83,0";"83,0";"79,0";"20,7";"20,7";"20,3";"966,1";"966,1";"965,8";"0,0";"285,0";"0,6";"";"0,0"
"11/04/2026";"0700";"23,0";"23,8";"23,0";"88,0";"88,0";"82,0";"20,9";"21,0";"20,5";"966,3";"966,4";"966,0";"0,5";"269,0";"1,9";"";"0,0"
"11/04/2026";"0800";"23,0";"23,4";"23,0";"86,0";"88,0";"84,0";"20,5";"21,1";"20,3";"966,5";"966,5";"966,3";"0,0";"304,0";"1,9";"";"0,0"
"11/04/2026";"0900";"23,1";"23,4";"22,4";"84,0";"88,0";"83,0";"20,2";"20,6";"20,2";"966,6";"966,7";"966,4";"0,0";"209,0";"1,1";"";"0,0"
"11/04/2026";"1000";"22,9";"23,3";"22,1";"83,0";"87,0";"83,0";"19,9";"20,8";"19,8";"967,6";"967,6";"966,6";"0,8";"306,0";"2,6";"304,50";"0,0"
"11/04/2026";"1100";"26,3";"26,3";"22,9";"72,0";"83,0";"72,0";"20,8";"21,1";"19,8";"968,3";"968,3";"967,6";"0,0";"342,0";"2,6";"1168,20";"0,0"
"11/04/2026";"1200";"27,6";"27,9";"26,1";"68,0";"72,0";"66,0";"21,2";"21,5";"20,5";"968,8";"968,8";"968,3";"0,5";"83,0";"2,4";"1990,80";"0,0"
"11/04/2026";"1300";"29,3";"30,0";"27,6";"57,0";"68,0";"57,0";"20,0";"21,3";"20,0";"968,8";"968,9";"968,8";"2,4";"76,0";"4,9";"2576,80";"0,0"
"11/04/2026";"1400";"30,5";"30,6";"29,2";"57,0";"61,0";"56,0";"20,9";"21,5";"20,4";"968,1";"968,8";"968,1";"2,1";"65,0";"5,3";"2935,80";"0,0"
"11/04/2026";"1500";"31,8";"32,3";"30,3";"50,0";"58,0";"49,0";"20,1";"21,6";"19,9";"967,4";"968,1";"967,4";"1,6";"43,0";"5,6";"3163,90";"0,0"
"11/04/2026";"1600";"32,9";"32,9";"31,4";"47,0";"53,0";"47,0";"20,1";"21,4";"19,6";"966,6";"967,4";"966,6";"2,9";"55,0";"7,2";"3073,30";"0,0"
"11/04/2026";"1700";"32,9";"33,3";"32,3";"45,0";"48,0";"43,0";"19,5";"20,4";"18,9";"965,8";"966,7";"965,8";"2,3";"45,0";"6,4";"3101,20";"0,0"
"11/04/2026";"1800";"32,8";"33,5";"32,0";"43,0";"49,0";"42,0";"18,7";"20,0";"18,3";"965,1";"965,8";"965,1";"2,1";"62,0";"5,9";"2444,70";"0,0"
"11/04/2026";"1900";"32,5";"33,5";"32,4";"44,0";"46,0";"41,0";"18,8";"19,9";"18,1";"964,7";"965,1";"964,6";"2,0";"50,0";"5,3";"1883,30";"0,0"
"11/04/2026";"2000";"31,4";"32,6";"31,3";"47,0";"49,0";"42,0";"18,8";"19,3";"18,1";"964,8";"964,8";"964,6";"1,4";"83,0";"4,8";"622,00";"0,0"
"11/04/2026";"2100";"30,1";"31,4";"30,1";"54,0";"54,0";"47,0";"19,7";"19,7";"18,8";"964,9";"965,0";"964,8";"0,5";"107,0";"3,3";"59,20";"0,0"
"11/04/2026";"2200";"29,1";"30,1";"29,1";"57,0";"58,0";"52,0";"19,8";"20,2";"19,3";"965,4";"965,4";"964,9";"0,0";"97,0";"1,8";"";"0,0"
"11/04/2026";"2300";"28,0";"29,2";"28,0";"63,0";"63,0";"57,0";"20,3";"20,7";"19,7";"966,2";"966,2";"965,4";"0,5";"109,0";"2,4";"";"0,0"
"12/04/2026";"0000";"27,0";"28,0";"27,0";"64,0";"65,0";"63,0";"19,5";"20,3";"19,5";"967,3";"967,3";"966,2";"2,2";"117,0";"4,3";"";"0,0"
"12/04/2026";"0100";"26,1";"27,0";"26,1";"63,0";"64,0";"60,0";"18,6";"19,5";"18,4";"967,9";"967,9";"967,3";"1,9";"90,0";"5,6";"";"0,0"
"12/04/2026";"0200";"25,2";"26,1";"25,1";"69,0";"69,0";"63,0";"19,0";"19,2";"18,6";"968,0";"968,1";"967,9";"0,3";"73,0";"3,8";"";"0,0"
"12/04/2026";"0300";"22,9";"25,2";"22,9";"78,0";"78,0";"69,0";"18,8";"19,6";"18,7";"968,0";"968,1";"968,0";"0,2";"284,0";"2,7";"";"0,0"
"12/04/2026";"0400";"22,0";"23,0";"22,0";"84,0";"84,0";"78,0";"19,1";"19,3";"18,8";"967,3";"968,0";"967,3";"0,2";"290,0";"1,8";"";"0,0"
"12/04/2026";"0500";"21,3";"22,0";"21,2";"85,0";"86,0";"84,0";"18,8";"19,1";"18,7";"967,1";"967,3";"967,1";"0,3";"285,0";"1,7";"";"0,0"
"12/04/2026";"0600";"21,5";"21,9";"21,3";"81,0";"86,0";"80,0";"18,0";"18,8";"18,0";"967,1";"967,2";"967,0";"0,2";"258,0";"1,7";"";"0,0"
"12/04/2026";"0700";"20,4";"21,5";"20,4";"84,0";"84,0";"81,0";"17,6";"18,1";"17,5";"967,4";"967,4";"967,0";"0,1";"297,0";"2,1";"";"0,0"
"12/04/2026";"0800";"20,2";"20,8";"20,2";"85,0";"85,0";"82,0";"17,6";"17,7";"17,5";"967,8";"967,8";"967,4";"0,0";"262,0";"1,4";"";"0,0"
"12/04/2026";"0900";"20,8";"20,9";"20,2";"87,0";"87,0";"84,0";"18,6";"18,6";"17,6";"968,1";"968,1";"967,7";"0,0";"263,0";"1,2";"";"0,0"
"12/04/2026";"1000";"21,5";"21,5";"20,8";"83,0";"88,0";"83,0";"18,5";"19,2";"18,1";"969,0";"969,0";"968,1";"0,4";"294,0";"1,5";"314,90";"0,0"
"12/04/2026";"1100";"26,0";"26,3";"21,5";"70,0";"84,0";"68,0";"20,2";"20,8";"18,5";"969,4";"969,4";"969,0";"0,6";"103,0";"2,4";"1181,60";"0,0"
"12/04/2026";"1200";"27,2";"27,5";"25,9";"66,0";"71,0";"64,0";"20,3";"20,6";"19,6";"969,6";"969,7";"969,4";"0,9";"351,0";"3,1";"1962,10";"0,0"
"12/04/2026";"1300";"28,6";"29,1";"27,2";"60,0";"68,0";"59,0";"20,0";"21,0";"19,9";"969,5";"969,7";"969,4";"0,8";"88,0";"4,0";"2549,50";"0,0"
"12/04/2026";"1400";"30,3";"30,6";"28,6";"56,0";"61,0";"54,0";"20,4";"21,2";"19,9";"968,5";"969,5";"968,5";"1,1";"117,0";"4,4";"2901,00";"0,0"
"12/04/2026";"1500";"32,6";"32,6";"30,0";"51,0";"57,0";"50,0";"21,0";"21,1";"19,8";"967,6";"968,5";"967,6";"1,5";"145,0";"4,7";"3132,30";"0,0"
"12/04/2026";"1600";"33,3";"33,5";"31,0";"46,0";"53,0";"46,0";"20,2";"21,3";"19,4";"966,4";"967,6";"966,4";"1,5";"182,0";"4,6";"3219,20";"0,0"
"12/04/2026";"1700";"34,1";"34,1";"32,1";"45,0";"48,0";"43,0";"20,6";"20,8";"19,2";"965,3";"966,4";"965,3";"1,5";"130,0";"4,6";"3106,70";"0,0"
"12/04/2026";"1800";"32,8";"34,3";"32,2";"46,0";"48,0";"43,0";"19,5";"20,4";"18,7";"964,9";"965,3";"964,9";"0,6";"81,0";"4,5";"1637,40";"0,0"
"12/04/2026";"1900";"33,6";"33,7";"32,4";"44,0";"49,0";"43,0";"19,5";"20,4";"19,2";"964,5";"964,9";"964,5";"1,0";"218,0";"3,7";"1421,10";"0,0"
"12/04/2026";"2000";"32,6";"33,8";"32,2";"46,0";"49,0";"43,0";"19,6";"20,4";"19,0";"964,5";"964,5";"964,4";"0,9";"206,0";"3,3";"726,80";"0,0"
"12/04/2026";"2100";"30,6";"32,6";"30,6";"53,0";"53,0";"46,0";"19,8";"19,9";"19,0";"964,6";"964,6";"964,5";"0,1";"193,0";"3,5";"130,90";"0,0"
"12/04/2026";"2200";"29,5";"30,6";"29,5";"61,0";"61,0";"53,0";"21,2";"21,2";"19,7";"964,7";"964,7";"964,6";"0,0";"98,0";"1,6";"";"0,0"
"12/04/2026";"2300";"28,3";"29,5";"28,2";"66,0";"67,0";"61,0";"21,3";"21,8";"20,9";"965,5";"965,5";"964,7";"0,0";"165,0";"2,1";"";"0,0"
"13/04/2026";"0000";"27,6";"28,3";"27,6";"63,0";"71,0";"62,0";"20,0";"22,5";"20,0";"966,6";"966,6";"965,5";"1,5";"130,0";"4,2";"";"0,0"
"13/04/2026";"0100";"26,9";"27,6";"26,9";"62,0";"65,0";"62,0";"19,1";"20,0";"19,1";"966,7";"966,8";"966,6";"0,1";"137,0";"3,2";"";"0,0"
"13/04/2026";"0200";"26,6";"27,0";"26,5";"66,0";"66,0";"62,0";"19,7";"19,7";"19,1";"966,8";"966,8";"966,7";"0,0";"123,0";"1,5";"";"0,0"
"13/04/2026";"0300";"23,3";"26,6";"23,1";"81,0";"82,0";"66,0";"19,9";"19,9";"19,5";"966,6";"966,9";"966,6";"0,0";"315,0";"3,9";"";"0,0"
"13/04/2026";"0400";"23,0";"23,3";"22,9";"81,0";"82,0";"80,0";"19,6";"20,0";"19,4";"966,0";"966,6";"966,0";"0,0";"267,0";"0,4";"";"0,0"
"13/04/2026";"0500";"22,0";"23,2";"21,9";"85,0";"86,0";"81,0";"19,4";"19,8";"19,4";"965,6";"966,0";"965,6";"0,0";"295,0";"2,4";"";"0,0"
"13/04/2026";"0600";"21,6";"22,3";"21,6";"85,0";"85,0";"83,0";"19,0";"19,5";"19,0";"965,4";"965,6";"965,4";"0,1";"292,0";"1,4";"";"0,0"
"13/04/2026";"0700";"21,1";"21,7";"21,1";"85,0";"87,0";"85,0";"18,5";"19,1";"18,5";"965,6";"965,6";"965,4";"0,5";"302,0";"2,2";"";"0,0"
"13/04/2026";"0800";"21,1";"21,1";"20,9";"86,0";"86,0";"85,0";"18,6";"18,6";"18,4";"966,0";"966,0";"965,6";"0,3";"316,0";"1,8";"";"0,0"
"13/04/2026";"0900";"20,5";"21,1";"20,5";"89,0";"89,0";"86,0";"18,6";"18,7";"18,5";"966,6";"966,6";"966,0";"0,2";"278,0";"1,8";"";"0,0"
"13/04/2026";"1000";"21,8";"21,8";"20,4";"86,0";"90,0";"86,0";"19,3";"19,3";"18,6";"967,3";"967,3";"966,6";"0,1";"264,0";"1,8";"297,70";"0,0"
"13/04/2026";"1100";"26,8";"26,9";"21,8";"70,0";"86,0";"70,0";"21,0";"21,5";"19,2";"967,6";"967,6";"967,3";"0,0";"305,0";"1,7";"1180,70";"0,0"
"13/04/2026";"1200";"28,5";"28,5";"26,0";"65,0";"72,0";"64,0";"21,2";"21,5";"20,4";"967,9";"967,9";"967,6";"0,7";"93,0";"2,7";"2011,00";"0,0"
"13/04/2026";"1300";"29,6";"29,9";"28,3";"60,0";"65,0";"59,0";"20,9";"21,5";"20,3";"967,8";"967,9";"967,8";"1,4";"73,0";"3,8";"2555,00";"0,0"
"13/04/2026";"1400";"30,5";"30,9";"29,1";"58,0";"62,0";"57,0";"21,2";"21,9";"20,4";"967,3";"967,8";"967,3";"1,6";"25,0";"4,5";"2968,00";"0,0"
"13/04/2026";"1500";"32,3";"32,8";"30,2";"53,0";"59,0";"51,0";"21,5";"22,2";"20,8";"966,5";"967,4";"966,5";"1,1";"81,0";"4,6";"3165,50";"0,0"
"13/04/2026";"1600";"33,4";"33,7";"31,6";"49,0";"54,0";"49,0";"21,2";"21,8";"20,6";"965,5";"966,5";"965,5";"1,1";"181,0";"3,3";"3177,00";"0,0"
"13/04/2026";"1700";"34,2";"34,2";"31,1";"48,0";"55,0";"47,0";"21,6";"21,6";"20,6";"964,5";"965,4";"964,5";"2,0";"94,0";"4,0";"2324,20";"0,0"
"13/04/2026";"1800";"33,7";"34,2";"31,9";"46,0";"54,0";"46,0";"20,4";"22,0";"20,4";"964,0";"964,5";"964,0";"1,6";"140,0";"5,8";"1835,40";"0,0"
"13/04/2026";"1900";"33,0";"33,9";"31,2";"50,0";"60,0";"46,0";"21,0";"22,8";"20,4";"963,6";"964,0";"963,6";"1,1";"157,0";"6,7";"1806,40";"0,0"
"13/04/2026";"2000";"31,9";"33,1";"31,8";"55,0";"56,0";"49,0";"21,8";"22,4";"20,6";"963,4";"963,6";"963,4";"0,6";"180,0";"3,6";"806,80";"0,0"
"13/04/2026";"2100";"30,5";"32,1";"30,5";"57,0";"58,0";"53,0";"21,0";"22,0";"20,9";"963,4";"963,5";"963,3";"0,1";"215,0";"2,6";"139,30";"0,0"
"13/04/2026";"2200";"29,2";"30,5";"29,2";"66,0";"68,0";"57,0";"22,2";"23,1";"20,8";"963,8";"963,8";"963,4";"1,6";"138,0";"3,7";"";"0,0"
"13/04/2026";"2300";"28,5";"29,2";"28,5";"65,0";"66,0";"64,0";"21,2";"22,1";"21,1";"964,3";"964,3";"963,8";"0,2";"83,0";"3,7";"0,20";"0,0"
"14/04/2026";"0000";"27,9";"28,8";"27,8";"66,0";"69,0";"63,0";"21,0";"21,7";"20,8";"965,1";"965,1";"964,3";"0,6";"215,0";"4,1";"0,40";"0,0"
"14/04/2026";"0100";"26,8";"27,8";"26,8";"70,0";"70,0";"66,0";"20,8";"21,0";"20,8";"965,6";"965,7";"965,1";"0,1";"106,0";"3,5";"";"0,0"
"14/04/2026";"0200";"26,6";"26,8";"26,6";"70,0";"71,0";"68,0";"20,7";"20,9";"20,5";"965,9";"965,9";"965,6";"0,0";"45,0";"1,5";"";"0,0"
"14/04/2026";"0300";"26,3";"27,0";"26,3";"71,0";"71,0";"68,0";"20,7";"20,8";"20,6";"965,8";"965,9";"965,8";"0,0";"164,0";"1,3";"";"0,0"
"14/04/2026";"0400";"25,6";"26,3";"25,6";"73,0";"73,0";"71,0";"20,3";"20,7";"20,2";"965,3";"965,8";"965,3";"0,0";"161,0";"1,7";"";"0,0"
"14/04/2026";"0500";"23,9";"25,7";"23,8";"87,0";"87,0";"73,0";"21,5";"21,6";"20,3";"965,1";"965,3";"965,1";"0,0";"315,0";"1,7";"";"0,0"
"14/04/2026";"0600";"23,1";"23,9";"23,0";"90,0";"90,0";"86,0";"21,3";"21,5";"21,2";"964,9";"965,1";"964,8";"0,0";"280,0";"1,8";"";"0,0"
"14/04/2026";"0700";"22,6";"23,1";"22,6";"92,0";"92,0";"90,0";"21,2";"21,5";"21,2";"965,0";"965,0";"964,9";"0,6";"257,0";"2,2";"";"0,0"
"14/04/2026";"0800";"21,9";"22,6";"21,9";"93,0";"93,0";"92,0";"20,6";"21,2";"20,6";"965,2";"965,3";"965,0";"0,1";"279,0";"2,2";"";"0,0"
"14/04/2026";"0900";"21,7";"21,9";"21,5";"93,0";"93,0";"93,0";"20,4";"20,6";"20,3";"965,8";"965,8";"965,2";"0,0";"308,0";"1,6";"";"0,0"
"14/04/2026";"1000";"23,2";"23,2";"21,7";"87,0";"93,0";"86,0";"20,9";"21,0";"20,4";"966,4";"966,4";"965,7";"0,0";"289,0";"1,0";"298,70";"0,0"
"14/04/2026";"1100";"25,7";"26,1";"23,2";"79,0";"87,0";"76,0";"21,7";"21,9";"20,8";"966,6";"966,7";"966,4";"0,1";"25,0";"1,3";"1166,10";"0,0"
"14/04/2026";"1200";"29,0";"29,0";"25,7";"63,0";"79,0";"63,0";"21,2";"21,9";"20,8";"966,6";"966,8";"966,6";"2,0";"89,0";"4,1";"1983,30";"0,0"
"14/04/2026";"1300";"30,2";"30,3";"28,7";"57,0";"63,0";"56,0";"20,6";"21,0";"20,4";"966,4";"966,8";"966,4";"2,1";"97,0";"5,3";"2547,90";"0,0"
"14/04/2026";"1400";"30,6";"31,0";"30,0";"56,0";"58,0";"54,0";"20,8";"21,3";"20,3";"965,4";"966,4";"965,4";"1,7";"125,0";"5,6";"2562,00";"0,0"
"14/04/2026";"1500";"31,7";"32,8";"30,7";"50,0";"56,0";"48,0";"20,1";"21,3";"19,8";"964,5";"965,4";"964,5";"0,5";"61,0";"5,3";"2935,00";"0,0"
"14/04/2026";"1600";"32,6";"33,1";"31,1";"48,0";"53,0";"47,0";"20,1";"21,3";"19,7";"963,2";"964,5";"963,2";"0,8";"12,0";"3,5";"2411,40";"0,0"
"14/04/2026";"1700";"32,7";"33,4";"31,7";"48,0";"50,0";"46,0";"20,1";"20,9";"19,3";"962,5";"963,2";"962,5";"0,9";"174,0";"5,7";"2319,10";"0,0"
"14/04/2026";"1800";"33,8";"33,9";"32,2";"45,0";"50,0";"44,0";"20,1";"20,7";"19,3";"962,1";"962,5";"962,1";"1,3";"6,0";"3,6";"2178,10";"0,0"
"14/04/2026";"1900";"34,7";"34,7";"32,3";"41,0";"49,0";"41,0";"19,7";"20,3";"19,1";"961,9";"962,1";"961,9";"0,5";"182,0";"3,6";"1491,70";"0,0"
"14/04/2026";"2000";"31,8";"34,7";"31,8";"50,0";"53,0";"41,0";"20,1";"20,9";"19,1";"962,1";"962,2";"961,9";"0,4";"174,0";"4,5";"670,80";"0,0"
"14/04/2026";"2100";"30,7";"32,0";"30,7";"54,0";"54,0";"50,0";"20,3";"20,8";"20,0";"962,5";"962,5";"962,1";"1,1";"91,0";"3,1";"138,80";"0,0"
"14/04/2026";"2200";"28,5";"30,7";"28,5";"60,0";"60,0";"54,0";"20,0";"20,4";"20,0";"963,3";"963,3";"962,5";"1,7";"78,0";"4,5";"";"0,0"
"14/04/2026";"2300";"27,1";"28,5";"27,1";"65,0";"65,0";"60,0";"20,1";"20,1";"19,9";"964,2";"964,2";"963,3";"1,1";"85,0";"4,5";"";"0,0"
"15/04/2026";"0000";"26,4";"27,1";"26,4";"69,0";"69,0";"65,0";"20,2";"20,2";"20,0";"965,1";"965,1";"964,2";"0,6";"67,0";"2,9";"";"0,0"
"15/04/2026";"0100";"26,1";"26,4";"26,0";"68,0";"73,0";"68,0";"19,8";"21,0";"19,8";"965,5";"965,5";"965,1";"1,4";"43,0";"3,6";"";"0,0"
"15/04/2026";"0200";"25,6";"26,2";"25,6";"71,0";"71,0";"68,0";"19,8";"20,1";"19,7";"965,5";"965,6";"965,5";"1,2";"37,0";"3,7";"";"0,0"
"15/04/2026";"0300";"24,9";"25,6";"24,9";"73,0";"73,0";"70,0";"19,8";"19,8";"19,7";"965,1";"965,5";"965,1";"0,3";"25,0";"3,5";"";"0,0"
"15/04/2026";"0400";"24,5";"24,9";"24,4";"75,0";"75,0";"73,0";"19,8";"19,9";"19,7";"964,5";"965,2";"964,5";"0,1";"22,0";"2,9";"";"0,0"
"15/04/2026";"0500";"22,4";"24,5";"22,4";"84,0";"84,0";"75,0";"19,6";"19,9";"19,5";"964,2";"964,5";"964,2";"0,0";"288,0";"2,7";"";"0,0"
"15/04/2026";"0600";"22,7";"22,7";"22,2";"84,0";"86,0";"84,0";"19,8";"19,9";"19,4";"964,2";"964,2";"964,0";"0,1";"258,0";"1,6";"";"0,0"
"15/04/2026";"0700";"21,6";"22,7";"21,6";"87,0";"87,0";"83,0";"19,3";"20,0";"19,3";"964,0";"964,2";"964,0";"0,0";"282,0";"1,6";"";"0,0"
"15/04/2026";"0800";"21,0";"21,7";"21,0";"90,0";"90,0";"87,0";"19,2";"19,6";"19,1";"964,6";"964,6";"964,0";"0,2";"266,0";"1,9";"";"0,0"
"15/04/2026";"0900";"20,4";"21,0";"20,2";"92,0";"93,0";"90,0";"19,1";"19,2";"18,8";"965,2";"965,2";"964,6";"0,7";"266,0";"2,4";"";"0,0"
"15/04/2026";"1000";"22,0";"22,0";"20,3";"88,0";"93,0";"88,0";"19,8";"19,8";"19,0";"966,0";"966,0";"965,2";"0,1";"290,0";"2,4";"299,20";"0,0"
"15/04/2026";"1100";"25,8";"25,8";"22,0";"69,0";"88,0";"69,0";"19,7";"20,4";"19,7";"966,5";"966,5";"966,0";"0,1";"44,0";"1,5";"1185,00";"0,0"
"15/04/2026";"1200";"27,5";"27,5";"25,4";"64,0";"72,0";"64,0";"20,0";"20,5";"19,4";"966,9";"966,9";"966,5";"0,8";"48,0";"2,8";"2006,30";"0,0"
"15/04/2026";"1300";"29,1";"29,1";"27,1";"55,0";"65,0";"54,0";"19,0";"20,4";"18,5";"966,7";"967,0";"966,7";"1,4";"22,0";"3,3";"2534,20";"0,0"
"15/04/2026";"1400";"30,8";"31,2";"28,8";"47,0";"56,0";"47,0";"18,2";"19,7";"17,7";"965,9";"966,8";"965,9";"1,3";"34,0";"5,1";"2867,20";"0,0"
"15/04/2026";"1500";"32,7";"33,1";"30,8";"44,0";"49,0";"43,0";"19,0";"19,9";"18,1";"965,1";"965,9";"965,1";"2,7";"67,0";"6,6";"3036,00";"0,0"
"15/04/2026";"1600";"33,7";"34,0";"32,1";"44,0";"49,0";"43,0";"19,7";"20,5";"18,8";"964,3";"965,1";"964,3";"1,7";"52,0";"6,2";"3089,50";"0,0"
"15/04/2026";"1700";"34,4";"34,5";"32,9";"42,0";"48,0";"42,0";"19,7";"20,7";"19,3";"963,5";"964,3";"963,5";"1,7";"60,0";"5,5";"2905,30";"0,0"
"15/04/2026";"1800";"34,0";"34,8";"33,3";"42,0";"46,0";"41,0";"19,4";"20,7";"18,8";"962,8";"963,5";"962,8";"2,2";"355,0";"5,3";"2542,50";"0,0"
"15/04/2026";"1900";"34,3";"34,9";"33,8";"42,0";"45,0";"40,0";"19,5";"20,5";"19,0";"962,5";"962,8";"962,5";"0,6";"54,0";"4,4";"1947,70";"0,0"
"15/04/2026";"2000";"33,5";"34,3";"33,2";"43,0";"44,0";"41,0";"19,2";"19,5";"18,9";"962,6";"962,6";"962,4";"0,2";"61,0";"4,2";"826,70";"0,0"
"15/04/2026";"2100";"31,8";"33,5";"31,7";"50,0";"50,0";"43,0";"20,0";"20,0";"18,8";"962,7";"962,7";"962,5";"0,5";"239,0";"2,6";"114,40";"0,0"
"15/04/2026";"2200";"29,9";"31,8";"29,9";"57,0";"57,0";"50,0";"20,4";"20,4";"19,9";"963,0";"963,0";"962,6";"0,7";"211,0";"4,1";"";"0,0"
"15/04/2026";"2300";"28,7";"29,9";"28,5";"61,0";"62,0";"57,0";"20,5";"20,8";"20,4";"963,5";"963,5";"963,0";"0,0";"179,0";"2,5";"";"0,0"
"16/04/2026";"0000";"27,4";"28,8";"27,4";"72,0";"72,0";"61,0";"21,8";"22,0";"20,5";"964,2";"964,2";"963,5";"0,5";"19,0";"3,2";"";"0,0"
"16/04/2026";"0100";"27,6";"28,0";"27,4";"66,0";"72,0";"66,0";"20,8";"21,8";"20,8";"964,4";"964,4";"964,2";"2,2";"44,0";"4,3";"";"0,0"
"16/04/2026";"0200";"26,8";"27,7";"26,8";"68,0";"68,0";"64,0";"20,4";"20,8";"20,3";"964,9";"964,9";"964,4";"0,8";"45,0";"4,4";"";"0,0"
"16/04/2026";"0300";"26,4";"26,9";"26,4";"66,0";"68,0";"66,0";"19,7";"20,4";"19,7";"965,1";"965,1";"964,9";"1,8";"43,0";"4,3";"";"0,0"
"16/04/2026";"0400";"25,8";"26,4";"25,8";"70,0";"70,0";"66,0";"19,8";"19,8";"19,6";"964,7";"965,1";"964,7";"0,8";"42,0";"3,5";"";"0,0"
"16/04/2026";"0500";"25,5";"25,8";"25,4";"71,0";"72,0";"70,0";"19,7";"20,0";"19,5";"964,5";"964,7";"964,5";"0,4";"90,0";"3,7";"";"0,0"
"16/04/2026";"0600";"24,6";"25,5";"24,6";"72,0";"72,0";"71,0";"19,3";"19,7";"19,2";"964,6";"964,7";"964,5";"0,2";"54,0";"2,5";"";"0,0"
"16/04/2026";"0700";"24,1";"24,6";"24,1";"75,0";"75,0";"72,0";"19,4";"19,5";"19,2";"964,7";"964,8";"964,6";"0,1";"26,0";"1,7";"";"0,0"
"16/04/2026";"0800";"22,5";"24,1";"22,5";"82,0";"82,0";"75,0";"19,3";"19,5";"19,2";"964,7";"964,7";"964,5";"0,9";"5,0";"2,8";"";"0,0"
"16/04/2026";"0900";"22,0";"22,5";"22,0";"84,0";"84,0";"82,0";"19,2";"19,3";"19,1";"965,3";"965,3";"964,7";"0,6";"360,0";"3,0";"";"0,0"
"16/04/2026";"1000";"22,9";"22,9";"21,5";"81,0";"85,0";"80,0";"19,4";"19,4";"18,8";"966,1";"966,1";"965,3";"0,3";"324,0";"2,4";"277,20";"0,0"
"16/04/2026";"1100";"26,2";"26,2";"22,9";"69,0";"81,0";"68,0";"20,1";"20,3";"19,2";"966,6";"966,6";"966,1";"0,7";"78,0";"2,9";"1135,70";"0,0"
"16/04/2026";"1200";"27,1";"27,7";"26,2";"64,0";"69,0";"62,0";"19,7";"20,2";"19,4";"967,2";"967,2";"966,6";"1,0";"357,0";"3,3";"1952,20";"0,0"
"16/04/2026";"1300";"29,4";"29,9";"27,1";"55,0";"65,0";"54,0";"19,4";"20,6";"19,1";"966,7";"967,3";"966,7";"1,9";"52,0";"5,1";"2515,20";"0,0"
"16/04/2026";"1400";"31,2";"31,5";"29,4";"49,0";"56,0";"48,0";"19,3";"20,0";"18,8";"965,8";"966,8";"965,8";"1,5";"81,0";"5,1";"2854,00";"0,0"
"16/04/2026";"1500";"32,6";"32,7";"30,7";"46,0";"51,0";"45,0";"19,3";"19,8";"18,6";"964,4";"965,8";"964,4";"1,5";"47,0";"6,1";"3009,70";"0,0"
"16/04/2026";"1600";"32,3";"33,4";"31,7";"45,0";"48,0";"43,0";"18,9";"19,7";"18,3";"963,3";"964,4";"963,3";"1,4";"342,0";"4,8";"3041,60";"0,0"
"16/04/2026";"1700";"33,3";"34,2";"32,3";"43,0";"46,0";"41,0";"18,9";"19,6";"18,4";"962,5";"963,3";"962,5";"1,2";"258,0";"4,7";"2929,10";"0,0"
"16/04/2026";"1800";"33,9";"34,6";"33,0";"42,0";"43,0";"40,0";"19,0";"19,7";"18,4";"961,7";"962,5";"961,7";"1,4";"343,0";"4,3";"2488,30";"0,0"
"16/04/2026";"1900";"34,2";"34,3";"33,2";"40,0";"44,0";"40,0";"18,8";"19,4";"18,5";"961,1";"961,7";"961,1";"0,3";"341,0";"4,3";"1784,00";"0,0"
"16/04/2026";"2000";"32,8";"34,2";"32,7";"43,0";"46,0";"41,0";"18,8";"19,8";"18,6";"961,3";"961,4";"961,1";"0,5";"98,0";"2,9";"800,90";"0,0"
"16/04/2026";"2100";"31,1";"32,8";"31,1";"50,0";"50,0";"43,0";"19,4";"19,6";"18,4";"961,4";"961,4";"961,3";"0,0";"191,0";"2,4";"103,10";"0,0"
"16/04/2026";"2200";"29,8";"31,1";"29,7";"62,0";"65,0";"49,0";"21,8";"22,5";"19,2";"961,8";"961,8";"961,4";"0,0";"234,0";"0,9";"";"0,0"
"16/04/2026";"2300";"29,3";"30,0";"29,3";"62,0";"62,0";"58,0";"21,1";"21,7";"20,7";"962,4";"962,4";"961,8";"0,3";"231,0";"2,3";"";"0,0"
"17/04/2026";"0000";"28,1";"29,3";"28,1";"70,0";"70,0";"62,0";"22,1";"22,1";"21,1";"963,0";"963,0";"962,4";"0,0";"187,0";"1,9";"";"0,0"
"17/04/2026";"0100";"27,0";"28,1";"26,5";"71,0";"75,0";"69,0";"21,3";"22,4";"21,3";"963,8";"963,8";"963,0";"0,9";"88,0";"4,8";"";"0,0"
"17/04/2026";"0200";"26,6";"27,2";"26,6";"71,0";"72,0";"68,0";"21,0";"21,4";"20,7";"964,1";"964,1";"963,8";"0,4";"58,0";"3,9";"";"0,0"
"17/04/2026";"0300";"26,7";"27,0";"26,5";"70,0";"72,0";"69,0";"20,8";"21,2";"20,6";"964,0";"964,2";"964,0";"0,1";"69,0";"2,6";"";"0,0"
"17/04/2026";"0400";"26,3";"26,8";"26,3";"72,0";"72,0";"70,0";"20,9";"21,0";"20,7";"963,4";"964,0";"963,4";"0,1";"25,0";"1,9";"";"0,0"
"17/04/2026";"0500";"24,6";"26,3";"24,4";"80,0";"81,0";"72,0";"20,9";"21,2";"20,8";"962,8";"963,4";"962,8";"0,0";"312,0";"1,8";"";"0,0"
"17/04/2026";"0600";"23,6";"24,6";"23,6";"83,0";"83,0";"80,0";"20,5";"20,8";"20,5";"962,7";"962,8";"962,6";"0,0";"283,0";"1,9";"";"0,0"
"17/04/2026";"0700";"22,9";"23,7";"22,9";"83,0";"83,0";"82,0";"20,0";"20,5";"19,9";"962,7";"962,8";"962,7";"0,0";"233,0";"1,6";"";"0,0"
"17/04/2026";"0800";"23,0";"23,3";"22,9";"83,0";"84,0";"83,0";"20,0";"20,3";"19,9";"962,7";"962,7";"962,5";"0,0";"322,0";"0,0";"";"0,0"
"17/04/2026";"0900";"22,3";"23,0";"22,3";"85,0";"85,0";"83,0";"19,6";"20,0";"19,6";"963,2";"963,2";"962,6";"0,4";"296,0";"1,6";"";"0,0"
"17/04/2026";"1000";"22,6";"22,8";"22,1";"85,0";"85,0";"83,0";"19,9";"19,9";"19,4";"964,3";"964,3";"963,2";"0,7";"314,0";"2,8";"222,20";"0,0"
"17/04/2026";"1100";"25,8";"25,8";"22,6";"76,0";"85,0";"75,0";"21,1";"21,3";"19,8";"965,0";"965,0";"964,3";"1,3";"46,0";"3,7";"492,80";"0,0"
"17/04/2026";"1200";"28,8";"28,9";"25,7";"66,0";"76,0";"64,0";"21,7";"21,8";"20,9";"965,4";"965,4";"965,0";"1,8";"65,0";"5,0";"1694,00";"0,0"
"17/04/2026";"1300";"30,9";"31,0";"28,8";"56,0";"66,0";"55,0";"21,1";"21,5";"20,5";"965,1";"965,5";"965,1";"2,5";"65,0";"5,7";"2511,60";"0,0"
"17/04/2026";"1400";"31,8";"31,8";"30,7";"52,0";"56,0";"51,0";"20,6";"21,2";"20,3";"964,3";"965,1";"964,3";"2,1";"50,0";"6,0";"2866,70";"0,0"
"17/04/2026";"1500";"33,1";"33,3";"31,2";"46,0";"53,0";"46,0";"20,1";"21,0";"19,5";"963,4";"964,3";"963,4";"1,8";"44,0";"5,9";"3064,60";"0,0"
"17/04/2026";"1600";"33,8";"34,6";"32,5";"45,0";"49,0";"42,0";"20,2";"20,9";"19,3";"962,4";"963,4";"962,4";"1,3";"4,0";"4,7";"3158,50";"0,0"
"17/04/2026";"1700";"34,0";"35,0";"33,1";"43,0";"47,0";"42,0";"19,6";"20,8";"19,4";"961,4";"962,4";"961,4";"1,3";"39,0";"4,7";"2944,10";"0,0"
"17/04/2026";"1800";"34,8";"35,1";"33,9";"42,0";"45,0";"40,0";"20,0";"20,7";"19,2";"960,6";"961,4";"960,6";"0,9";"152,0";"3,8";"2358,40";"0,0"
"17/04/2026";"1900";"34,4";"35,2";"33,7";"44,0";"44,0";"41,0";"20,3";"20,3";"19,3";"960,1";"960,6";"960,0";"0,5";"152,0";"3,2";"1677,50";"0,0"
"17/04/2026";"2000";"33,1";"34,6";"33,1";"50,0";"50,0";"42,0";"21,3";"21,3";"18,8";"960,6";"960,6";"960,1";"0,5";"176,0";"3,1";"704,60";"0,0"
"17/04/2026";"2100";"31,2";"33,2";"31,2";"52,0";"52,0";"48,0";"20,3";"21,4";"19,9";"960,5";"960,6";"960,5";"0,1";"184,0";"3,0";"104,80";"0,0"
"17/04/2026";"2200";"29,9";"31,2";"29,9";"60,0";"60,0";"52,0";"21,3";"21,3";"20,3";"960,8";"960,8";"960,5";"0,2";"192,0";"2,4";"";"0,0"
"17/04/2026";"2300";"29,2";"30,0";"29,2";"68,0";"68,0";"60,0";"22,7";"22,9";"21,4";"961,5";"961,5";"960,7";"0,1";"179,0";"1,7";"";"0,0"
"18/04/2026";"0000";"27,8";"29,2";"27,8";"71,0";"72,0";"68,0";"21,9";"23,1";"21,8";"962,3";"962,3";"961,5";"0,4";"158,0";"2,8";"";"0,0"
"18/04/2026";"0100";"27,3";"27,7";"27,1";"72,0";"73,0";"70,0";"21,7";"22,2";"21,5";"963,0";"963,0";"962,3";"1,2";"136,0";"3,3";"";"0,0"
"18/04/2026";"0200";"27,7";"28,1";"27,0";"67,0";"74,0";"67,0";"21,0";"21,9";"21,0";"963,5";"963,6";"963,0";"1,5";"66,0";"5,5";"";"0,0"
"18/04/2026";"0300";"27,2";"27,7";"27,0";"66,0";"68,0";"66,0";"20,3";"21,1";"20,3";"963,4";"963,7";"963,4";"1,3";"61,0";"3,7";"";"0,0"
"18/04/2026";"0400";"25,3";"27,2";"25,3";"75,0";"75,0";"66,0";"20,4";"20,5";"20,3";"962,8";"963,4";"962,8";"0,8";"19,0";"3,3";"";"0,0"
"18/04/2026";"0500";"24,9";"25,5";"24,6";"77,0";"78,0";"74,0";"20,5";"20,6";"20,4";"962,3";"962,8";"962,3";"0,1";"7,0";"2,3";"";"0,0"
"18/04/2026";"0600";"23,3";"25,5";"23,3";"82,0";"82,0";"73,0";"19,9";"20,5";"19,8";"962,2";"962,3";"962,1";"0,2";"296,0";"2,0";"";"0,0"
"18/04/2026";"0700";"23,2";"23,3";"23,2";"82,0";"83,0";"82,0";"19,9";"20,1";"19,9";"962,0";"962,3";"962,0";"0,0";"313,0";"1,7";"";"0,0"
"18/04/2026";"0800";"23,7";"23,8";"23,2";"82,0";"83,0";"80,0";"20,4";"20,7";"19,9";"962,5";"962,5";"962,0";"0,2";"264,0";"1,9";"";"0,0"
"18/04/2026";"0900";"23,2";"23,8";"23,2";"82,0";"82,0";"81,0";"19,9";"20,5";"19,9";"962,7";"962,7";"962,4";"0,1";"323,0";"2,2";"";"0,0"
"18/04/2026";"1000";"24,4";"24,4";"22,9";"78,0";"84,0";"78,0";"20,2";"20,5";"19,8";"963,2";"963,2";"962,7";"1,3";"4,0";"2,4";"241,80";"0,0"
"18/04/2026";"1100";"27,2";"27,2";"24,3";"71,0";"78,0";"71,0";"21,4";"21,6";"20,2";"963,8";"963,8";"963,2";"2,2";"50,0";"4,1";"1085,60";"0,0"
"18/04/2026";"1200";"29,1";"29,7";"27,2";"63,0";"71,0";"62,0";"21,3";"21,9";"21,1";"964,4";"964,4";"963,8";"1,1";"23,0";"4,3";"1867,10";"0,0"
"18/04/2026";"1300";"30,2";"31,0";"28,8";"59,0";"63,0";"57,0";"21,2";"22,0";"20,8";"964,4";"964,4";"964,3";"1,7";"9,0";"4,1";"2440,30";"0,0"
"18/04/2026";"1400";"32,2";"32,3";"30,0";"53,0";"60,0";"53,0";"21,5";"22,1";"21,0";"963,9";"964,4";"963,9";"1,2";"161,0";"4,5";"2791,10";"0,0"
"18/04/2026";"1500";"33,8";"34,0";"31,1";"47,0";"57,0";"46,0";"21,1";"21,9";"19,5";"962,9";"963,9";"962,9";"0,8";"160,0";"3,8";"2671,70";"0,0"
"18/04/2026";"1600";"34,0";"34,6";"31,5";"44,0";"52,0";"42,0";"19,9";"21,3";"19,7";"962,0";"962,9";"962,0";"1,4";"170,0";"3,8";"2418,40";"0,0"
"18/04/2026";"1700";"34,5";"35,1";"33,5";"43,0";"46,0";"40,0";"20,0";"20,9";"18,8";"960,9";"962,0";"960,9";"1,2";"165,0";"3,5";"2846,40";"0,0"
"18/04/2026";"1800";"34,6";"35,3";"34,2";"41,0";"44,0";"40,0";"19,5";"20,5";"19,3";"959,7";"960,9";"959,7";"0,9";"164,0";"3,3";"2408,70";"0,0"
"18/04/2026";"1900";"34,8";"35,2";"34,2";"41,0";"42,0";"39,0";"19,6";"19,9";"18,6";"959,1";"959,7";"959,1";"0,7";"258,0";"2,8";"1680,80";"0,0"
"18/04/2026";"2000";"33,8";"34,9";"33,6";"43,0";"44,0";"40,0";"19,7";"19,8";"18,8";"959,1";"959,1";"959,0";"0,8";"147,0";"2,7";"785,70";"0,0"
"18/04/2026";"2100";"31,9";"33,9";"31,9";"49,0";"50,0";"43,0";"20,0";"20,3";"19,4";"959,3";"959,4";"959,1";"0,0";"171,0";"2,0";"98,80";"0,0"
"18/04/2026";"2200";"30,7";"31,9";"30,7";"59,0";"59,0";"49,0";"21,8";"21,9";"19,9";"959,9";"959,9";"959,3";"0,8";"165,0";"2,4";"";"0,0"
"18/04/2026";"2300";"29,5";"30,7";"29,5";"63,0";"64,0";"59,0";"21,7";"22,3";"21,6";"961,1";"961,1";"959,9";"0,9";"172,0";"3,2";"";"0,0"
"19/04/2026";"0000";"28,2";"29,5";"28,2";"70,0";"70,0";"63,0";"22,2";"22,9";"21,8";"962,2";"962,2";"961,1";"1,5";"140,0";"3,2";"";"0,0"
"19/04/2026";"0100";"27,8";"28,3";"27,7";"73,0";"74,0";"70,0";"22,4";"22,7";"22,1";"963,0";"963,0";"962,3";"1,4";"159,0";"4,3";"";"0,0"
"19/04/2026";"0200";"27,2";"27,8";"26,9";"73,0";"76,0";"72,0";"22,0";"22,3";"22,0";"963,9";"963,9";"963,0";"1,0";"85,0";"5,0";"";"0,0"
"19/04/2026";"0300";"26,6";"27,2";"26,6";"77,0";"77,0";"73,0";"22,4";"22,4";"22,0";"963,6";"963,9";"963,6";"0,4";"207,0";"3,3";"";"0,0"
"19/04/2026";"0400";"25,6";"26,7";"25,4";"80,0";"83,0";"77,0";"21,9";"22,6";"21,9";"963,3";"963,6";"963,3";"1,0";"315,0";"3,0";"";"0,0"
"19/04/2026";"0500";"25,3";"25,6";"25,2";"79,0";"82,0";"79,0";"21,3";"22,1";"21,3";"963,4";"963,4";"963,1";"0,8";"343,0";"3,2";"";"0,0"
"19/04/2026";"0600";"24,8";"25,3";"24,8";"80,0";"80,0";"79,0";"21,2";"21,4";"21,1";"963,4";"963,4";"963,2";"0,1";"336,0";"2,6";"";"0,0"
"19/04/2026";"0700";"24,9";"25,0";"24,8";"78,0";"80,0";"78,0";"20,9";"21,2";"20,9";"963,1";"963,5";"963,1";"0,0";"197,0";"1,4";"";"0,0"
"19/04/2026";"0800";"25,0";"25,0";"24,8";"84,0";"84,0";"78,0";"22,0";"22,1";"20,7";"963,4";"963,4";"963,0";"0,4";"200,0";"2,8";"";"0,0"
"19/04/2026";"0900";"24,4";"25,0";"24,4";"88,0";"88,0";"84,0";"22,3";"22,4";"22,0";"964,1";"964,1";"963,4";"0,8";"200,0";"3,4";"";"0,0"
"19/04/2026";"1000";"25,1";"25,1";"24,3";"86,0";"89,0";"86,0";"22,5";"22,6";"22,3";"964,7";"964,7";"964,1";"0,1";"181,0";"3,0";"164,20";"0,0"
"19/04/2026";"1100";"26,4";"26,6";"25,1";"79,0";"86,0";"78,0";"22,4";"23,0";"22,3";"965,4";"965,4";"964,6";"0,8";"187,0";"3,3";"907,30";"0,0"
"19/04/2026";"1200";"27,1";"27,6";"26,0";"76,0";"80,0";"74,0";"22,6";"23,1";"22,3";"966,0";"966,0";"965,4";"0,5";"192,0";"3,4";"1338,30";"0,0"
"19/04/2026";"1300";"28,3";"29,0";"27,1";"70,0";"76,0";"67,0";"22,2";"22,9";"21,9";"966,1";"966,2";"966,0";"1,5";"125,0";"3,2";"1511,80";"0,0"
"19/04/2026";"1400";"29,5";"29,6";"28,1";"66,0";"70,0";"66,0";"22,5";"22,8";"21,9";"965,8";"966,1";"965,8";"0,5";"63,0";"4,0";"1278,60";"0,0"
"19/04/2026";"1500";"31,5";"31,9";"29,3";"57,0";"67,0";"57,0";"22,0";"23,1";"21,6";"965,1";"965,8";"965,1";"2,0";"45,0";"4,8";"2286,80";"0,0"
"19/04/2026";"1600";"31,3";"32,3";"31,0";"55,0";"59,0";"51,0";"21,2";"22,3";"20,6";"964,0";"965,1";"964,0";"2,0";"46,0";"4,9";"2074,90";"0,0"
"19/04/2026";"1700";"27,9";"31,6";"27,5";"72,0";"75,0";"54,0";"22,5";"23,0";"20,9";"963,4";"964,0";"963,4";"2,7";"321,0";"6,0";"964,00";"0,0"
"19/04/2026";"1800";"26,9";"27,9";"26,9";"75,0";"77,0";"70,0";"22,1";"22,7";"21,6";"963,4";"963,5";"963,1";"0,5";"25,0";"5,7";"408,40";"0,0"
"19/04/2026";"1900";"25,2";"26,9";"24,8";"90,0";"92,0";"75,0";"23,4";"23,5";"22,2";"962,9";"963,4";"962,8";"0,0";"260,0";"3,6";"260,80";"4,4"
"19/04/2026";"2000";"24,9";"25,8";"24,9";"89,0";"91,0";"88,0";"23,1";"24,2";"23,1";"963,4";"963,4";"962,9";"0,6";"195,0";"4,9";"277,90";"0,0"
"19/04/2026";"2100";"24,6";"24,9";"24,5";"90,0";"91,0";"89,0";"23,0";"23,2";"22,6";"963,9";"963,9";"963,4";"0,0";"204,0";"3,2";"53,80";"0,0"
"19/04/2026";"2200";"24,4";"24,7";"24,3";"94,0";"94,0";"90,0";"23,5";"23,5";"22,8";"964,3";"964,3";"963,9";"0,0";"221,0";"2,9";"8,40";"0,0"
"19/04/2026";"2300";"24,0";"24,5";"23,9";"95,0";"95,0";"94,0";"23,1";"23,6";"23,0";"964,8";"964,9";"964,3";"0,0";"300,0";"2,5";"0,10";"0,0"
"20/04/2026";"0000";"24,3";"24,3";"24,0";"93,0";"95,0";"93,0";"23,1";"23,2";"23,0";"965,4";"965,4";"964,8";"0,0";"306,0";"0,6";"3,80";"0,0"
"20/04/2026";"0100";"24,1";"24,5";"24,1";"94,0";"94,0";"93,0";"23,0";"23,4";"23,0";"965,8";"965,8";"965,4";"1,0";"318,0";"2,7";"1,80";"0,0"
"20/04/2026";"0200";"24,3";"24,3";"23,9";"93,0";"95,0";"93,0";"23,0";"23,1";"23,0";"966,0";"966,0";"965,8";"0,1";"239,0";"2,7";"1,90";"0,0"
"20/04/2026";"0300";"24,5";"24,6";"24,3";"93,0";"93,0";"92,0";"23,3";"23,4";"22,9";"965,9";"966,0";"965,9";"0,1";"167,0";"1,5";"3,50";"0,0"
"20/04/2026";"0400";"24,1";"24,5";"24,1";"95,0";"95,0";"92,0";"23,3";"23,4";"22,9";"965,4";"965,9";"965,4";"0,1";"178,0";"2,3";"1,10";"0,0"
"20/04/2026";"0500";"24,1";"24,4";"24,1";"92,0";"95,0";"92,0";"22,7";"23,4";"22,7";"965,1";"965,4";"965,1";"0,1";"183,0";"2,0";"2,80";"0,0"
"20/04/2026";"0600";"23,9";"24,1";"23,9";"95,0";"95,0";"92,0";"23,0";"23,2";"22,7";"965,0";"965,1";"964,8";"0,3";"143,0";"2,2";"";"0,0"
"20/04/2026";"0700";"23,6";"23,9";"23,6";"96,0";"96,0";"93,0";"22,9";"23,0";"22,7";"965,2";"965,2";"965,0";"0,0";"179,0";"2,2";"";"0,0"
"20/04/2026";"0800";"23,7";"23,8";"23,5";"96,0";"96,0";"96,0";"23,1";"23,1";"22,9";"965,6";"965,6";"965,0";"0,2";"168,0";"2,1";"";"0,0"
"20/04/2026";"0900";"23,2";"23,8";"23,2";"95,0";"96,0";"95,0";"22,5";"23,2";"22,4";"966,8";"966,8";"965,6";"1,5";"70,0";"3,8";"1,20";"0,0"
"20/04/2026";"1000";"23,2";"23,3";"23,1";"95,0";"96,0";"95,0";"22,4";"22,5";"22,3";"967,0";"967,1";"966,8";"1,2";"128,0";"3,8";"42,30";"0,0"
"20/04/2026";"1100";"23,9";"23,9";"23,1";"93,0";"95,0";"93,0";"22,7";"22,7";"22,3";"967,5";"967,5";"967,0";"0,0";"139,0";"2,7";"302,10";"0,0"
"20/04/2026";"1200";"26,1";"26,2";"23,9";"83,0";"93,0";"83,0";"22,9";"23,6";"22,7";"967,6";"967,6";"967,4";"0,0";"135,0";"1,9";"1010,70";"0,0"
"20/04/2026";"1300";"28,0";"28,0";"25,8";"74,0";"84,0";"74,0";"23,0";"23,4";"22,1";"967,7";"968,0";"967,6";"0,2";"353,0";"2,6";"2039,30";"0,0"
"20/04/2026";"1400";"29,0";"29,7";"27,8";"67,0";"74,0";"64,0";"22,3";"23,2";"21,8";"966,9";"967,7";"966,9";"0,2";"170,0";"2,9";"2644,80";"0,0"
"20/04/2026";"1500";"31,2";"31,2";"28,9";"59,0";"69,0";"57,0";"22,3";"23,1";"21,6";"966,1";"966,9";"966,1";"0,7";"184,0";"3,7";"3116,60";"0,0"
"20/04/2026";"1600";"32,6";"32,6";"30,9";"56,0";"60,0";"55,0";"22,8";"22,8";"21,5";"965,3";"966,1";"965,3";"1,1";"178,0";"3,7";"3151,60";"0,0"
"20/04/2026";"1700";"31,1";"33,0";"30,8";"60,0";"62,0";"54,0";"22,4";"23,0";"21,9";"964,6";"965,3";"964,6";"4,0";"122,0";"7,2";"3130,90";"0,0"
"20/04/2026";"1800";"32,2";"32,4";"30,7";"50,0";"62,0";"49,0";"20,5";"22,7";"19,9";"963,4";"964,6";"963,4";"2,4";"133,0";"6,7";"2520,30";"0,0"
"20/04/2026";"1900";"31,9";"33,4";"31,4";"53,0";"53,0";"48,0";"21,0";"21,1";"19,8";"962,9";"963,4";"962,9";"0,8";"190,0";"4,6";"1697,10";"0,0"
"20/04/2026";"2000";"30,8";"32,1";"30,8";"56,0";"57,0";"51,0";"21,2";"21,6";"20,5";"963,1";"963,1";"962,8";"1,0";"178,0";"3,7";"619,30";"0,0"
"20/04/2026";"2100";"29,2";"30,8";"29,2";"63,0";"63,0";"56,0";"21,5";"21,6";"20,8";"962,9";"963,1";"962,6";"0,3";"158,0";"2,5";"102,00";"0,0"
"20/04/2026";"2200";"28,3";"29,3";"28,3";"71,0";"71,0";"63,0";"22,5";"22,8";"21,5";"964,1";"964,1";"962,9";"0,1";"55,0";"1,5";"";"0,0"
"20/04/2026";"2300";"27,2";"28,3";"27,2";"79,0";"79,0";"71,0";"23,2";"23,7";"22,5";"964,8";"964,8";"964,1";"1,0";"339,0";"3,2";"";"0,0"
"21/04/2026";"0000";"27,3";"27,3";"26,9";"76,0";"83,0";"76,0";"22,7";"23,8";"22,7";"965,7";"965,7";"964,8";"0,5";"101,0";"3,2";"";"0,0"
"21/04/2026";"0100";"25,4";"27,3";"25,4";"82,0";"82,0";"71,0";"22,1";"22,5";"20,4";"965,7";"966,0";"965,4";"2,0";"351,0";"7,9";"";"0,0"
"21/04/2026";"0200";"24,6";"25,4";"24,6";"89,0";"89,0";"82,0";"22,6";"22,6";"22,1";"965,7";"965,7";"965,5";"0,1";"358,0";"4,0";"";"0,0"
"21/04/2026";"0300";"24,8";"24,8";"24,5";"89,0";"89,0";"89,0";"22,7";"22,8";"22,6";"965,7";"965,9";"965,6";"0,1";"20,0";"1,9";"";"0,0"
"21/04/2026";"0400";"23,8";"24,7";"23,8";"91,0";"91,0";"88,0";"22,2";"22,7";"22,1";"965,8";"966,0";"965,7";"0,1";"280,0";"2,1";"";"0,0"
"21/04/2026";"0500";"23,6";"23,8";"23,6";"91,0";"91,0";"90,0";"22,1";"22,3";"22,0";"965,4";"965,8";"965,4";"0,0";"300,0";"1,7";"";"0,0"
"21/04/2026";"0600";"23,3";"23,8";"23,3";"91,0";"91,0";"90,0";"21,8";"22,2";"21,8";"965,4";"965,4";"965,2";"0,0";"309,0";"0,0";"";"0,0"
"21/04/2026";"0700";"23,1";"23,8";"23,0";"91,0";"92,0";"87,0";"21,5";"21,8";"21,4";"965,6";"965,7";"965,4";"0,1";"322,0";"2,1";"";"0,0"
"21/04/2026";"0800";"23,8";"23,8";"23,0";"85,0";"91,0";"85,0";"21,2";"21,5";"21,2";"965,8";"965,8";"965,5";"1,4";"38,0";"3,8";"";"0,0"
"21/04/2026";"0900";"23,1";"23,8";"23,1";"86,0";"86,0";"84,0";"20,6";"21,1";"20,6";"966,5";"966,5";"965,8";"0,2";"35,0";"4,4";"";"0,0"
"21/04/2026";"1000";"24,2";"24,2";"23,0";"81,0";"86,0";"81,0";"20,8";"21,0";"20,5";"967,5";"967,5";"966,5";"0,9";"43,0";"3,1";"190,70";"0,0"
"21/04/2026";"1100";"24,7";"24,9";"24,0";"80,0";"83,0";"78,0";"21,1";"21,2";"20,6";"968,2";"968,2";"967,5";"0,5";"61,0";"3,3";"624,60";"0,0"
"21/04/2026";"1200";"27,6";"27,8";"24,7";"67,0";"81,0";"67,0";"20,8";"21,8";"20,6";"968,4";"968,5";"968,2";"0,6";"72,0";"3,4";"1711,50";"0,0"
"21/04/2026";"1300";"29,6";"29,7";"27,4";"58,0";"68,0";"58,0";"20,5";"21,7";"20,1";"968,6";"968,6";"968,4";"1,4";"53,0";"4,0";"2489,20";"0,0"
"21/04/2026";"1400";"30,3";"30,3";"29,2";"55,0";"58,0";"54,0";"20,2";"20,7";"19,7";"968,1";"968,6";"968,1";"2,1";"62,0";"4,8";"2900,10";"0,0"
"21/04/2026";"1500";"30,6";"31,7";"29,4";"52,0";"57,0";"50,0";"19,7";"20,6";"19,2";"967,1";"968,1";"967,1";"1,5";"73,0";"4,4";"3010,20";"0,0"
"21/04/2026";"1600";"32,4";"32,4";"30,4";"49,0";"54,0";"49,0";"20,2";"20,4";"19,2";"966,2";"967,1";"966,2";"1,7";"42,0";"4,3";"3023,90";"0,0"
"21/04/2026";"1700";"31,8";"33,0";"31,3";"46,0";"50,0";"44,0";"18,7";"20,4";"18,5";"965,2";"966,2";"965,2";"1,0";"93,0";"4,0";"2809,50";"0,0"
"21/04/2026";"1800";"33,2";"33,5";"31,7";"44,0";"48,0";"44,0";"19,5";"20,2";"18,8";"964,5";"965,2";"964,5";"1,1";"35,0";"4,1";"2203,90";"0,0"
"21/04/2026";"1900";"32,7";"33,6";"32,5";"45,0";"46,0";"42,0";"19,2";"20,0";"18,6";"964,0";"964,5";"964,0";"1,1";"2,0";"4,0";"1736,90";"0,0"
"21/04/2026";"2000";"32,3";"33,0";"32,0";"45,0";"46,0";"43,0";"18,9";"19,3";"18,2";"964,1";"964,1";"963,9";"0,2";"167,0";"3,2";"814,20";"0,0"
"21/04/2026";"2100";"30,3";"32,4";"30,3";"52,0";"52,0";"45,0";"19,3";"19,4";"18,6";"964,3";"964,3";"964,1";"0,0";"264,0";"1,9";"86,70";"0,0"
"21/04/2026";"2200";"28,8";"30,3";"28,8";"64,0";"64,0";"52,0";"21,4";"21,4";"19,3";"964,9";"964,9";"964,3";"0,0";"198,0";"0,9";"";"0,0"
"21/04/2026";"2300";"28,1";"28,9";"27,8";"61,0";"70,0";"61,0";"19,8";"22,5";"19,8";"965,8";"965,8";"964,9";"0,1";"119,0";"1,9";"";"0,0"
"22/04/2026";"0000";"27,3";"28,4";"27,3";"61,0";"61,0";"59,0";"19,1";"19,9";"19,0";"966,5";"966,5";"965,8";"0,0";"92,0";"1,9";"";"0,0"
"22/04/2026";"0100";"26,3";"27,5";"26,3";"66,0";"69,0";"60,0";"19,5";"20,5";"18,7";"966,8";"966,8";"966,5";"0,0";"280,0";"1,8";"";"0,0"
"22/04/2026";"0200";"24,8";"26,3";"24,7";"73,0";"74,0";"65,0";"19,5";"19,9";"19,1";"966,8";"967,0";"966,8";"0,0";"319,0";"0,7";"";"0,0"
"22/04/2026";"0300";"23,5";"24,9";"23,5";"78,0";"78,0";"73,0";"19,4";"20,0";"19,4";"966,9";"967,0";"966,8";"0,3";"288,0";"2,4";"";"0,0"
"22/04/2026";"0400";"23,1";"23,5";"22,7";"82,0";"84,0";"78,0";"19,8";"19,9";"19,4";"966,4";"966,9";"966,4";"0,0";"289,0";"2,4";"";"0,0"
"22/04/2026";"0500";"22,3";"23,1";"22,2";"83,0";"84,0";"80,0";"19,3";"19,8";"19,2";"966,3";"966,4";"966,2";"1,2";"300,0";"2,2";"";"0,0"
"22/04/2026";"0600";"21,7";"22,3";"21,7";"84,0";"85,0";"83,0";"18,9";"19,3";"18,9";"966,3";"966,3";"966,2";"0,4";"288,0";"2,5";"";"0,0"
"22/04/2026";"0700";"21,3";"21,8";"21,2";"84,0";"85,0";"83,0";"18,5";"19,0";"18,5";"966,5";"966,5";"966,2";"0,0";"248,0";"2,2";"";"0,0"
"22/04/2026";"0800";"20,5";"21,4";"20,5";"88,0";"88,0";"84,0";"18,4";"18,7";"18,4";"966,7";"966,7";"966,5";"0,1";"282,0";"1,6";"";"0,0"
"22/04/2026";"0900";"20,2";"20,5";"20,2";"89,0";"89,0";"88,0";"18,3";"18,5";"18,3";"967,4";"967,4";"966,7";"0,1";"273,0";"1,8";"";"0,0"
"22/04/2026";"1000";"21,0";"21,0";"20,2";"88,0";"89,0";"88,0";"18,9";"18,9";"18,3";"968,3";"968,3";"967,4";"0,0";"309,0";"2,2";"212,40";"0,0"
"22/04/2026";"1100";"24,3";"24,3";"21,0";"79,0";"88,0";"78,0";"20,4";"20,4";"18,9";"968,7";"968,7";"968,3";"0,4";"268,0";"1,8";"922,70";"0,0"
"22/04/2026";"1200";"26,7";"26,9";"24,3";"62,0";"79,0";"62,0";"18,9";"20,5";"18,5";"969,0";"969,0";"968,7";"1,3";"314,0";"3,1";"1768,50";"0,0"
"22/04/2026";"1300";"29,1";"29,3";"26,7";"50,0";"63,0";"50,0";"17,7";"19,3";"17,5";"969,1";"969,2";"968,9";"0,5";"190,0";"3,1";"2450,10";"0,0"
"22/04/2026";"1400";"30,0";"30,6";"28,4";"48,0";"55,0";"46,0";"17,8";"19,0";"17,5";"968,6";"969,2";"968,6";"1,2";"25,0";"4,2";"2780,30";"0,0"
"22/04/2026";"1500";"31,1";"32,0";"29,9";"44,0";"49,0";"43,0";"17,4";"18,7";"17,3";"967,7";"968,6";"967,7";"2,2";"81,0";"4,2";"2948,00";"0,0"
"22/04/2026";"1600";"32,2";"32,3";"31,0";"43,0";"47,0";"43,0";"18,0";"19,1";"17,5";"966,5";"967,7";"966,5";"1,4";"54,0";"4,6";"2989,10";"0,0"
"22/04/2026";"1700";"33,0";"33,9";"31,7";"41,0";"45,0";"40,0";"18,0";"18,8";"17,7";"965,1";"966,5";"965,1";"1,7";"58,0";"4,6";"2768,80";"0,0"
"22/04/2026";"1800";"33,3";"33,7";"32,6";"42,0";"44,0";"41,0";"18,5";"19,3";"17,8";"964,3";"965,1";"964,3";"0,3";"95,0";"4,5";"2389,20";"0,0"
"22/04/2026";"1900";"33,6";"33,9";"33,1";"42,0";"44,0";"40,0";"18,8";"19,2";"18,3";"963,8";"964,3";"963,7";"1,0";"218,0";"3,1";"1710,10";"0,0"
"22/04/2026";"2000";"32,2";"33,8";"32,2";"46,0";"46,0";"41,0";"19,0";"19,0";"18,3";"963,8";"963,8";"963,7";"0,8";"222,0";"3,1";"776,20";"0,0"
"22/04/2026";"2100";"31,1";"32,6";"31,0";"49,0";"49,0";"45,0";"19,1";"19,3";"18,9";"964,1";"964,1";"963,8";"0,0";"138,0";"2,3";"89,40";"0,0"
"22/04/2026";"2200";"30,1";"31,2";"29,9";"55,0";"60,0";"49,0";"20,1";"21,5";"19,0";"964,8";"964,8";"964,1";"0,1";"147,0";"1,1";"";"0,0"
"22/04/2026";"2300";"28,9";"30,2";"28,9";"62,0";"62,0";"55,0";"20,7";"20,8";"20,0";"965,8";"965,8";"964,8";"1,7";"139,0";"3,1";"";"0,0"
"23/04/2026";"0000";"27,9";"28,9";"27,9";"60,0";"63,0";"60,0";"19,5";"20,7";"19,5";"966,4";"966,4";"965,8";"2,0";"90,0";"3,9";"";"0,0"
"23/04/2026";"0100";"27,0";"27,9";"26,9";"64,0";"64,0";"60,0";"19,7";"19,7";"19,3";"967,0";"967,0";"966,4";"0,6";"71,0";"3,9";"";"0,0"
"23/04/2026";"0200";"26,1";"27,0";"26,1";"69,0";"69,0";"64,0";"19,9";"20,2";"19,7";"967,0";"967,1";"966,9";"0,2";"61,0";"2,6";"";"0,0"
"23/04/2026";"0300";"24,8";"26,1";"24,6";"75,0";"76,0";"69,0";"20,2";"20,3";"19,7";"966,9";"967,0";"966,9";"0,5";"231,0";"2,0";"";"0,0"
"23/04/2026";"0400";"24,1";"24,9";"24,1";"77,0";"77,0";"75,0";"19,9";"20,3";"19,9";"966,4";"966,9";"966,4";"0,0";"274,0";"2,0";"";"0,0"
"23/04/2026";"0500";"23,6";"24,1";"23,6";"80,0";"80,0";"77,0";"19,8";"20,1";"19,8";"965,7";"966,4";"965,7";"0,0";"339,0";"1,2";"";"0,0"
"23/04/2026";"0600";"23,1";"23,6";"23,1";"82,0";"82,0";"79,0";"19,8";"20,0";"19,7";"965,5";"965,8";"965,5";"0,0";"255,0";"1,2";"";"0,0"
"23/04/2026";"0700";"22,7";"23,1";"22,6";"84,0";"84,0";"82,0";"19,7";"20,0";"19,6";"965,5";"965,5";"965,3";"0,1";"263,0";"1,7";"";"0,0"
"23/04/2026";"0800";"21,9";"22,7";"21,8";"86,0";"86,0";"83,0";"19,4";"19,7";"19,4";"965,9";"965,9";"965,4";"0,0";"306,0";"1,8";"";"0,0"
"23/04/2026";"0900";"20,8";"21,9";"20,8";"89,0";"89,0";"86,0";"18,9";"19,5";"18,9";"966,6";"966,6";"965,9";"0,1";"284,0";"1,0";"";"0,0"
"23/04/2026";"1000";"23,1";"23,1";"20,6";"82,0";"90,0";"81,0";"19,8";"19,8";"18,9";"967,5";"967,5";"966,6";"0,0";"306,0";"1,0";"244,20";"0,0"
"23/04/2026";"1100";"26,7";"26,8";"23,1";"68,0";"82,0";"66,0";"20,2";"20,3";"19,3";"968,3";"968,3";"967,5";"0,6";"149,0";"2,6";"1112,70";"0,0"
"23/04/2026";"1200";"29,1";"29,1";"26,7";"55,0";"68,0";"54,0";"19,2";"20,7";"18,8";"968,4";"968,5";"968,2";"1,8";"151,0";"4,6";"1919,30";"0,0"
"23/04/2026";"1300";"30,4";"30,5";"28,6";"49,0";"56,0";"49,0";"18,7";"19,3";"18,4";"968,3";"968,5";"968,3";"3,6";"120,0";"6,7";"2491,80";"0,0"
"23/04/2026";"1400";"31,9";"32,0";"30,3";"42,0";"50,0";"42,0";"17,3";"19,2";"17,3";"967,9";"968,3";"967,9";"3,9";"123,0";"7,3";"2841,70";"0,0"
"23/04/2026";"1500";"32,8";"33,6";"31,9";"40,0";"42,0";"39,0";"17,4";"18,0";"16,5";"966,9";"967,9";"966,9";"4,2";"113,0";"8,6";"3017,40";"0,0"
"23/04/2026";"1600";"32,7";"34,0";"31,6";"48,0";"50,0";"40,0";"20,4";"20,4";"17,5";"966,0";"966,9";"965,9";"3,4";"71,0";"7,5";"1935,50";"0,0"
"23/04/2026";"1700";"33,9";"33,9";"32,5";"44,0";"48,0";"44,0";"19,8";"20,4";"19,4";"965,1";"966,0";"965,1";"3,5";"77,0";"7,6";"2743,10";"0,0"
"23/04/2026";"1800";"31,9";"34,1";"31,9";"49,0";"49,0";"43,0";"20,0";"20,3";"19,1";"964,6";"965,1";"964,6";"2,6";"89,0";"7,0";"1477,80";"0,0"
"23/04/2026";"1900";"31,0";"31,9";"31,0";"55,0";"55,0";"50,0";"20,8";"21,1";"20,1";"964,4";"964,6";"964,4";"1,7";"62,0";"5,2";"811,20";"0,0"
"23/04/2026";"2000";"31,1";"31,3";"30,4";"53,0";"58,0";"52,0";"20,5";"21,7";"20,3";"964,3";"964,4";"964,3";"2,7";"87,0";"5,4";"497,00";"0,0"
"23/04/2026";"2100";"29,9";"31,1";"29,9";"58,0";"58,0";"53,0";"20,8";"20,8";"20,3";"964,3";"964,4";"964,3";"2,4";"89,0";"5,4";"97,80";"0,0"
"23/04/2026";"2200";"28,9";"29,9";"28,9";"61,0";"62,0";"58,0";"20,7";"21,0";"20,6";"964,6";"964,6";"964,3";"3,0";"107,0";"5,8";"1,90";"0,0"
"23/04/2026";"2300";"28,2";"29,0";"28,2";"62,0";"62,0";"60,0";"20,2";"20,6";"20,2";"965,4";"965,4";"964,6";"2,6";"91,0";"6,1";"";"0,0"
"24/04/2026";"0000";"27,2";"28,2";"27,2";"67,0";"67,0";"62,0";"20,5";"20,5";"20,2";"966,1";"966,1";"965,4";"1,6";"80,0";"5,4";"";"0,0"
"24/04/2026";"0100";"27,2";"27,4";"27,0";"67,0";"68,0";"66,0";"20,5";"20,6";"20,4";"966,7";"966,7";"966,1";"2,1";"69,0";"5,7";"";"0,0"
"24/04/2026";"0200";"26,4";"27,3";"26,2";"72,0";"73,0";"67,0";"21,0";"21,0";"20,5";"967,0";"967,0";"966,7";"2,9";"90,0";"6,8";"";"0,0"
"24/04/2026";"0300";"24,7";"26,7";"24,7";"84,0";"84,0";"71,0";"21,8";"21,8";"20,9";"967,3";"967,3";"967,0";"2,4";"93,0";"8,5";"";"0,0"
"24/04/2026";"0400";"25,1";"25,1";"24,6";"83,0";"85,0";"83,0";"21,9";"22,1";"21,8";"967,0";"967,3";"967,0";"0,1";"119,0";"5,9";"9,90";"0,0"
"24/04/2026";"0500";"23,5";"25,1";"23,5";"92,0";"92,0";"82,0";"22,1";"22,1";"21,7";"966,9";"967,1";"966,8";"2,2";"83,0";"5,3";"";"0,8"
"24/04/2026";"0600";"22,9";"23,6";"22,9";"87,0";"92,0";"85,0";"20,6";"22,2";"20,6";"966,8";"967,0";"966,8";"0,3";"103,0";"5,9";"10,10";"0,0"
"24/04/2026";"0700";"23,0";"23,0";"22,8";"82,0";"88,0";"82,0";"19,8";"20,7";"19,7";"967,0";"967,0";"966,8";"0,1";"90,0";"2,1";"11,30";"0,0"
"24/04/2026";"0800";"22,8";"23,1";"22,8";"82,0";"83,0";"81,0";"19,6";"19,8";"19,6";"967,2";"967,2";"967,0";"0,1";"76,0";"2,9";"6,40";"0,0"
"24/04/2026";"0900";"22,5";"22,8";"22,5";"83,0";"84,0";"82,0";"19,6";"19,8";"19,6";"967,7";"967,7";"967,2";"0,3";"82,0";"2,1";"0,40";"0,0"
"24/04/2026";"1000";"24,4";"24,5";"22,3";"73,0";"84,0";"73,0";"19,3";"19,9";"19,3";"968,8";"968,8";"967,7";"0,2";"90,0";"2,3";"212,20";"0,0"
"24/04/2026";"1100";"25,5";"25,5";"24,1";"69,0";"74,0";"69,0";"19,5";"19,7";"18,9";"969,3";"969,3";"968,8";"1,8";"123,0";"4,4";"991,10";"0,0"
"24/04/2026";"1200";"27,4";"27,5";"25,5";"57,0";"70,0";"57,0";"18,1";"19,9";"17,8";"969,7";"969,7";"969,3";"1,6";"87,0";"6,5";"1959,80";"0,0"
"24/04/2026";"1300";"29,0";"29,0";"27,4";"55,0";"58,0";"53,0";"19,1";"19,3";"18,0";"969,5";"969,8";"969,5";"2,2";"69,0";"4,3";"2480,80";"0,0"
"24/04/2026";"1400";"30,0";"30,4";"28,7";"52,0";"55,0";"50,0";"19,0";"19,5";"18,3";"968,6";"969,5";"968,6";"2,3";"108,0";"5,8";"2778,10";"0,0"
"24/04/2026";"1500";"31,5";"32,1";"30,0";"49,0";"53,0";"48,0";"19,4";"20,2";"18,9";"967,8";"968,7";"967,8";"2,7";"88,0";"6,0";"2820,80";"0,0"
"24/04/2026";"1600";"30,7";"32,2";"30,7";"52,0";"52,0";"49,0";"19,6";"20,6";"19,4";"966,7";"967,7";"966,7";"3,9";"129,0";"9,6";"1953,60";"0,0"
"24/04/2026";"1700";"32,8";"32,9";"30,7";"45,0";"52,0";"44,0";"19,4";"20,1";"19,0";"965,7";"966,7";"965,7";"2,2";"94,0";"8,0";"2275,30";"0,0"
"24/04/2026";"1800";"32,1";"33,9";"31,8";"47,0";"49,0";"43,0";"19,5";"20,6";"18,8";"965,0";"965,7";"965,0";"2,2";"156,0";"5,8";"1862,00";"0,0"
"24/04/2026";"1900";"32,7";"33,8";"31,9";"46,0";"48,0";"43,0";"19,5";"20,2";"19,0";"964,5";"965,0";"964,5";"2,5";"126,0";"5,6";"1556,70";"0,0"
"24/04/2026";"2000";"31,9";"32,9";"31,6";"49,0";"49,0";"45,0";"19,8";"20,2";"19,3";"964,7";"964,7";"964,5";"0,5";"132,0";"4,5";"624,70";"0,0"
"24/04/2026";"2100";"30,3";"31,9";"30,2";"54,0";"54,0";"48,0";"20,0";"20,1";"19,6";"964,8";"964,8";"964,6";"0,7";"147,0";"2,8";"93,40";"0,0"
"24/04/2026";"2200";"29,0";"30,3";"29,0";"60,0";"60,0";"54,0";"20,5";"20,5";"19,9";"965,3";"965,3";"964,8";"1,5";"140,0";"3,3";"";"0,0"
"24/04/2026";"2300";"28,2";"29,0";"28,1";"63,0";"64,0";"60,0";"20,6";"20,7";"20,5";"966,3";"966,3";"965,3";"1,6";"117,0";"4,7";"";"0,0"
"25/04/2026";"0000";"27,0";"28,3";"27,0";"69,0";"70,0";"63,0";"20,9";"21,0";"20,5";"967,1";"967,1";"966,3";"1,1";"97,0";"4,7";"";"0,0"
"25/04/2026";"0100";"26,3";"27,0";"26,3";"73,0";"73,0";"69,0";"21,0";"21,1";"20,8";"967,7";"967,7";"967,1";"1,1";"86,0";"3,4";"";"0,0"
"25/04/2026";"0200";"25,7";"26,3";"25,6";"76,0";"76,0";"73,0";"21,1";"21,1";"21,0";"967,5";"967,7";"967,5";"0,3";"105,0";"2,6";"";"0,0"
"25/04/2026";"0300";"25,8";"25,9";"25,7";"77,0";"77,0";"76,0";"21,5";"21,5";"21,1";"967,4";"967,5";"967,4";"0,6";"46,0";"3,2";"";"0,0"
"25/04/2026";"0400";"25,4";"25,8";"25,1";"78,0";"79,0";"77,0";"21,3";"21,5";"21,2";"967,0";"967,4";"967,0";"0,0";"107,0";"2,6";"";"0,0"
"25/04/2026";"0500";"24,9";"25,4";"24,9";"80,0";"80,0";"76,0";"21,2";"21,3";"20,9";"966,5";"967,0";"966,5";"0,0";"120,0";"1,3";"";"0,0"
"25/04/2026";"0600";"23,8";"24,9";"23,7";"85,0";"85,0";"79,0";"21,2";"21,2";"20,8";"966,4";"966,5";"966,4";"0,0";"8,0";"0,1";"";"0,0"
"25/04/2026";"0700";"23,7";"24,4";"23,7";"84,0";"86,0";"82,0";"20,9";"21,5";"20,9";"966,5";"966,6";"966,4";"0,0";"352,0";"0,0";"";"0,0"
"25/04/2026";"0800";"23,1";"24,1";"22,9";"88,0";"88,0";"83,0";"20,9";"21,1";"20,6";"966,8";"966,9";"966,5";"0,0";"1,0";"1,6";"";"0,0"
"25/04/2026";"0900";"22,3";"23,2";"22,3";"89,0";"89,0";"83,0";"20,4";"20,9";"20,0";"967,4";"967,4";"966,8";"0,0";"269,0";"1,8";"";"0,0"
"25/04/2026";"1000";"22,7";"22,7";"22,1";"89,0";"90,0";"89,0";"20,8";"20,8";"20,4";"968,0";"968,0";"967,3";"0,0";"283,0";"0,9";"121,30";"0,0"
"25/04/2026";"1100";"26,2";"26,2";"22,7";"71,0";"89,0";"69,0";"20,4";"21,1";"19,7";"968,4";"968,4";"968,0";"0,0";"86,0";"1,5";"981,30";"0,0"
"25/04/2026";"1200";"28,3";"28,6";"26,2";"58,0";"71,0";"58,0";"19,3";"20,4";"19,1";"968,8";"968,8";"968,4";"1,7";"77,0";"3,9";"1907,60";"0,0"
"25/04/2026";"1300";"29,9";"30,1";"28,1";"53,0";"59,0";"52,0";"19,2";"19,6";"18,6";"968,7";"968,9";"968,7";"2,5";"93,0";"6,4";"2457,60";"0,0"
"25/04/2026";"1400";"30,6";"30,9";"29,4";"51,0";"54,0";"50,0";"19,4";"19,8";"18,8";"967,9";"968,8";"967,9";"2,2";"113,0";"5,4";"2774,00";"0,0"
"25/04/2026";"1500";"32,2";"32,6";"30,3";"46,0";"53,0";"45,0";"19,0";"20,0";"18,6";"966,7";"967,9";"966,7";"1,6";"90,0";"6,5";"2903,40";"0,0"
"25/04/2026";"1600";"33,4";"33,5";"32,0";"42,0";"47,0";"42,0";"18,8";"19,6";"18,2";"965,7";"966,7";"965,7";"2,6";"94,0";"6,2";"3092,70";"0,0"
"25/04/2026";"1700";"33,7";"34,2";"32,4";"42,0";"45,0";"40,0";"19,0";"19,8";"18,6";"965,0";"965,7";"964,9";"2,4";"94,0";"5,5";"2792,10";"0,0"
"25/04/2026";"1800";"33,0";"33,7";"32,0";"45,0";"49,0";"42,0";"19,4";"20,6";"18,5";"964,4";"965,0";"964,4";"2,3";"72,0";"4,8";"1289,30";"0,0"
"25/04/2026";"1900";"33,1";"33,6";"32,6";"46,0";"46,0";"43,0";"19,8";"20,1";"18,6";"964,2";"964,4";"964,2";"1,2";"43,0";"4,2";"1763,10";"0,0"
"25/04/2026";"2000";"31,1";"33,1";"31,1";"49,0";"49,0";"44,0";"19,1";"19,8";"18,5";"964,2";"964,3";"964,2";"0,0";"117,0";"3,7";"288,70";"0,0"
"25/04/2026";"2100";"30,5";"31,2";"30,5";"55,0";"56,0";"47,0";"20,4";"20,6";"18,5";"964,3";"964,3";"964,2";"0,0";"131,0";"0,8";"73,80";"0,0"
"25/04/2026";"2200";"29,2";"30,5";"29,2";"58,0";"60,0";"51,0";"20,1";"20,8";"19,2";"965,1";"965,1";"964,3";"0,9";"92,0";"2,2";"";"0,0"
"25/04/2026";"2300";"27,5";"29,2";"27,5";"63,0";"63,0";"57,0";"19,9";"20,3";"19,8";"966,1";"966,1";"965,1";"1,2";"79,0";"3,1";"";"0,0"
"26/04/2026";"0000";"27,3";"27,5";"27,3";"64,0";"64,0";"63,0";"19,9";"20,0";"19,7";"966,5";"966,5";"966,1";"0,9";"67,0";"3,4";"";"0,0"
"26/04/2026";"0100";"26,9";"27,3";"26,8";"69,0";"69,0";"64,0";"20,7";"20,7";"19,9";"966,6";"966,6";"966,5";"0,8";"59,0";"3,6";"";"0,0"
"26/04/2026";"0200";"26,8";"26,9";"26,5";"67,0";"70,0";"67,0";"20,1";"20,7";"20,0";"966,9";"966,9";"966,6";"0,4";"35,0";"2,5";"";"0,0"
"26/04/2026";"0300";"24,9";"26,9";"24,9";"75,0";"75,0";"65,0";"20,1";"20,3";"19,9";"966,9";"967,1";"966,9";"1,0";"273,0";"2,3";"";"0,0"
"26/04/2026";"0400";"24,4";"24,9";"24,4";"76,0";"76,0";"74,0";"19,8";"20,1";"19,8";"966,6";"966,9";"966,6";"0,8";"262,0";"1,9";"";"0,0"
"26/04/2026";"0500";"23,5";"24,4";"23,5";"79,0";"79,0";"75,0";"19,7";"19,9";"19,7";"966,1";"966,6";"966,1";"1,2";"299,0";"2,1";"";"0,0"
"26/04/2026";"0600";"23,4";"23,5";"22,9";"80,0";"81,0";"79,0";"19,8";"19,8";"19,4";"965,9";"966,1";"965,9";"0,0";"266,0";"2,1";"";"0,0"
"26/04/2026";"0700";"23,4";"23,4";"23,2";"81,0";"81,0";"80,0";"19,8";"19,8";"19,6";"966,2";"966,2";"965,9";"0,0";"297,0";"0,9";"";"0,0"
"26/04/2026";"0800";"23,9";"24,2";"23,3";"81,0";"81,0";"79,0";"20,4";"20,5";"19,8";"966,3";"966,3";"966,1";"0,0";"358,0";"2,9";"";"0,0"
"26/04/2026";"0900";"23,5";"23,9";"23,5";"83,0";"83,0";"81,0";"20,4";"20,5";"20,4";"966,8";"966,8";"966,3";"0,8";"37,0";"2,5";"";"0,0"
"26/04/2026";"1000";"24,1";"24,2";"23,2";"80,0";"84,0";"80,0";"20,4";"20,6";"20,2";"967,5";"967,5";"966,8";"0,0";"344,0";"2,5";"214,20";"0,0"
"26/04/2026";"1100";"27,0";"27,0";"24,1";"69,0";"80,0";"69,0";"20,9";"21,2";"20,3";"968,1";"968,1";"967,5";"1,3";"63,0";"2,7";"1102,20";"0,0"
"26/04/2026";"1200";"28,8";"28,9";"26,8";"62,0";"70,0";"61,0";"20,7";"21,4";"20,2";"968,5";"968,5";"968,1";"1,0";"50,0";"3,7";"1880,10";"0,0"
"26/04/2026";"1300";"30,3";"30,3";"28,3";"54,0";"63,0";"54,0";"20,0";"21,1";"19,8";"968,3";"968,6";"968,3";"1,8";"121,0";"5,3";"2414,60";"0,0"
"26/04/2026";"1400";"31,9";"32,0";"30,0";"50,0";"55,0";"50,0";"20,1";"20,9";"19,3";"967,5";"968,3";"967,4";"1,8";"129,0";"5,4";"2784,00";"0,0"
"26/04/2026";"1500";"32,4";"33,1";"30,9";"48,0";"53,0";"47,0";"19,9";"20,7";"19,2";"966,3";"967,5";"966,3";"1,2";"114,0";"5,4";"2696,90";"0,0"
"26/04/2026";"1600";"32,9";"33,3";"31,3";"47,0";"51,0";"45,0";"20,2";"20,8";"19,2";"965,2";"966,3";"965,2";"0,9";"21,0";"3,9";"2600,30";"0,0"
"26/04/2026";"1700";"31,8";"33,1";"31,7";"48,0";"49,0";"44,0";"19,5";"20,1";"18,9";"964,3";"965,2";"964,3";"1,4";"31,0";"5,1";"1197,90";"0,0"
"26/04/2026";"1800";"32,9";"33,9";"31,6";"44,0";"50,0";"42,0";"19,1";"20,0";"18,4";"963,8";"964,3";"963,8";"0,3";"207,0";"3,6";"1584,60";"0,0"
"26/04/2026";"1900";"33,7";"34,3";"32,4";"42,0";"46,0";"39,0";"18,9";"19,7";"18,3";"963,8";"963,8";"963,7";"1,2";"44,0";"4,0";"1364,20";"0,0"
"26/04/2026";"2000";"32,7";"33,8";"32,6";"42,0";"45,0";"41,0";"18,2";"19,3";"18,1";"964,1";"964,1";"963,8";"1,0";"31,0";"4,0";"889,70";"0,0"
"26/04/2026";"2100";"31,5";"32,8";"31,5";"49,0";"49,0";"42,0";"19,5";"19,5";"18,0";"964,6";"964,6";"964,1";"0,4";"64,0";"2,9";"122,20";"0,0"
"26/04/2026";"2200";"29,9";"31,5";"29,9";"61,0";"61,0";"49,0";"21,5";"21,6";"19,3";"965,0";"965,0";"964,6";"0,4";"88,0";"1,8";"";"0,0"
"26/04/2026";"2300";"29,3";"29,9";"29,3";"59,0";"61,0";"59,0";"20,4";"21,5";"20,4";"965,5";"965,6";"965,0";"1,9";"86,0";"3,9";"";"0,0"
"27/04/2026";"0000";"27,5";"29,3";"27,5";"65,0";"65,0";"59,0";"20,2";"20,3";"19,9";"966,1";"966,1";"965,5";"0,5";"76,0";"4,3";"";"0,0"
"27/04/2026";"0100";"26,4";"27,5";"26,3";"71,0";"71,0";"64,0";"20,6";"20,7";"20,1";"966,6";"966,6";"966,1";"0,7";"61,0";"3,4";"";"0,0"
"27/04/2026";"0200";"25,8";"26,4";"25,8";"67,0";"71,0";"67,0";"19,2";"20,6";"19,2";"966,7";"966,8";"966,6";"0,7";"38,0";"3,8";"";"0,0"
"27/04/2026";"0300";"24,7";"25,8";"24,7";"72,0";"72,0";"67,0";"19,3";"19,6";"19,2";"966,7";"966,9";"966,7";"0,2";"327,0";"2,9";"";"0,0"
"27/04/2026";"0400";"24,1";"24,6";"23,9";"75,0";"75,0";"72,0";"19,4";"19,4";"19,2";"966,2";"966,7";"966,2";"0,0";"356,0";"1,6";"";"0,0"
"27/04/2026";"0500";"23,2";"24,1";"23,2";"78,0";"78,0";"75,0";"19,3";"19,5";"19,3";"966,0";"966,2";"966,0";"0,0";"343,0";"1,7";"";"0,0"
"27/04/2026";"0600";"22,4";"23,2";"22,3";"81,0";"81,0";"78,0";"18,9";"19,3";"18,7";"966,0";"966,1";"965,9";"0,4";"319,0";"1,9";"";"0,0"
"27/04/2026";"0700";"21,8";"22,4";"21,8";"82,0";"82,0";"80,0";"18,6";"18,9";"18,6";"966,3";"966,3";"966,0";"0,6";"322,0";"3,0";"";"0,0"
"27/04/2026";"0800";"21,8";"21,9";"21,5";"83,0";"84,0";"82,0";"18,8";"18,9";"18,7";"966,6";"966,6";"966,3";"0,2";"336,0";"3,5";"";"0,0"
"27/04/2026";"0900";"21,2";"21,8";"21,1";"86,0";"86,0";"83,0";"18,9";"18,9";"18,7";"967,3";"967,3";"966,6";"0,2";"289,0";"3,2";"";"0,0"
"27/04/2026";"1000";"22,3";"22,3";"21,0";"83,0";"87,0";"82,0";"19,2";"19,2";"18,7";"968,2";"968,2";"967,3";"0,3";"289,0";"1,8";"231,10";"0,0"
"27/04/2026";"1100";"25,6";"25,6";"22,3";"74,0";"83,0";"73,0";"20,6";"20,6";"19,2";"968,9";"968,9";"968,2";"0,1";"354,0";"1,9";"1079,30";"0,0"
"27/04/2026";"1200";"28,1";"28,1";"25,6";"63,0";"74,0";"62,0";"20,5";"21,4";"20,2";"969,2";"969,2";"968,9";"1,6";"77,0";"3,3";"1892,70";"0,0"
"27/04/2026";"1300";"30,0";"30,2";"27,9";"56,0";"64,0";"55,0";"20,3";"21,2";"19,8";"969,0";"969,2";"969,0";"1,5";"54,0";"3,9";"2429,20";"0,0"
"27/04/2026";"1400";"31,5";"31,5";"29,5";"51,0";"58,0";"50,0";"20,0";"20,8";"19,5";"968,1";"969,0";"968,1";"0,8";"109,0";"5,0";"2759,30";"0,0"
"27/04/2026";"1500";"32,7";"32,8";"31,3";"46,0";"51,0";"46,0";"19,7";"20,5";"19,3";"966,9";"968,1";"966,9";"1,7";"76,0";"4,4";"2941,90";"0,0"
"27/04/2026";"1600";"34,0";"34,6";"32,4";"43,0";"48,0";"42,0";"19,7";"20,7";"19,1";"965,9";"966,9";"965,9";"0,7";"200,0";"5,1";"2962,10";"0,0"
"27/04/2026";"1700";"33,5";"35,0";"32,7";"43,0";"46,0";"41,0";"19,2";"20,3";"19,1";"965,1";"965,9";"965,1";"0,7";"158,0";"4,3";"2413,20";"0,0"
"27/04/2026";"1800";"33,9";"34,6";"32,6";"42,0";"47,0";"42,0";"19,2";"20,6";"19,0";"964,2";"965,1";"964,2";"1,2";"72,0";"3,2";"1768,70";"0,0"
"27/04/2026";"1900";"34,3";"34,6";"33,5";"43,0";"45,0";"42,0";"19,8";"20,3";"19,1";"964,1";"964,3";"964,1";"1,1";"164,0";"3,8";"1634,10";"0,0"
"27/04/2026";"2000";"32,8";"34,3";"32,7";"45,0";"46,0";"42,0";"19,4";"20,0";"19,1";"964,3";"964,3";"964,1";"0,9";"45,0";"3,1";"737,30";"0,0"
"27/04/2026";"2100";"31,4";"32,8";"31,4";"50,0";"50,0";"45,0";"19,7";"20,0";"19,3";"964,6";"964,7";"964,3";"0,1";"357,0";"2,1";"68,60";"0,0"
"27/04/2026";"2200";"30,2";"31,4";"30,2";"54,0";"54,0";"50,0";"20,0";"20,2";"19,6";"965,0";"965,0";"964,6";"0,0";"1,0";"1,7";"";"0,0"
"27/04/2026";"2300";"29,3";"30,2";"29,3";"62,0";"65,0";"54,0";"21,1";"22,2";"19,8";"966,1";"966,1";"965,0";"0,6";"86,0";"3,3";"";"0,0"
"28/04/2026";"0000";"27,9";"29,3";"27,9";"64,0";"64,0";"62,0";"20,4";"21,2";"20,3";"966,7";"966,7";"966,0";"0,2";"103,0";"2,9";"";"0,0"
"28/04/2026";"0100";"27,1";"27,9";"27,1";"63,0";"65,0";"63,0";"19,5";"20,5";"19,5";"967,1";"967,1";"966,7";"1,1";"40,0";"2,3";"";"0,0"
"28/04/2026";"0200";"26,5";"27,1";"26,4";"64,0";"65,0";"62,0";"19,1";"19,5";"18,9";"967,6";"967,6";"967,1";"1,6";"41,0";"4,1";"";"0,0"
"28/04/2026";"0300";"26,1";"26,5";"25,9";"64,0";"67,0";"63,0";"18,8";"19,3";"18,8";"967,4";"967,7";"967,4";"1,8";"40,0";"4,1";"";"0,0"
"28/04/2026";"0400";"24,5";"26,1";"24,5";"70,0";"70,0";"64,0";"18,7";"19,1";"18,6";"966,9";"967,4";"966,9";"0,5";"356,0";"4,3";"";"0,0"
"28/04/2026";"0500";"23,5";"24,5";"23,5";"74,0";"74,0";"70,0";"18,6";"18,8";"18,4";"966,5";"966,9";"966,5";"0,1";"278,0";"2,2";"";"0,0"
"28/04/2026";"0600";"22,4";"23,5";"22,4";"78,0";"78,0";"74,0";"18,3";"18,6";"18,2";"966,4";"966,5";"966,3";"0,0";"280,0";"1,5";"";"0,0"
"28/04/2026";"0700";"22,3";"22,6";"22,3";"77,0";"78,0";"76,0";"18,1";"18,3";"18,1";"966,4";"966,5";"966,3";"0,0";"299,0";"1,2";"";"0,0"
"28/04/2026";"0800";"22,3";"22,8";"22,2";"77,0";"77,0";"75,0";"18,1";"18,3";"18,1";"966,6";"966,6";"966,4";"0,0";"323,0";"0,0";"";"0,0"
"28/04/2026";"0900";"21,3";"22,3";"21,3";"82,0";"82,0";"77,0";"18,1";"18,3";"18,0";"967,4";"967,4";"966,6";"0,2";"305,0";"1,7";"";"0,0"
"28/04/2026";"1000";"22,7";"22,7";"21,1";"78,0";"83,0";"78,0";"18,6";"18,6";"18,0";"968,2";"968,2";"967,4";"0,8";"358,0";"2,1";"237,50";"0,0"
"28/04/2026";"1100";"26,5";"26,5";"22,7";"67,0";"78,0";"67,0";"19,7";"20,2";"18,5";"968,9";"968,9";"968,2";"0,1";"90,0";"2,1";"1087,80";"0,0"
"28/04/2026";"1200";"28,2";"28,2";"26,2";"61,0";"67,0";"61,0";"20,1";"20,6";"19,1";"969,3";"969,3";"968,9";"0,0";"35,0";"2,4";"1882,20";"0,0"
"28/04/2026";"1300";"28,3";"28,9";"27,6";"61,0";"63,0";"59,0";"20,1";"20,6";"19,5";"969,4";"969,5";"969,3";"2,0";"66,0";"4,0";"1689,20";"0,0"
"28/04/2026";"1400";"";"";"";"";"";"";"";"";"";"";"";"";"";"";"";"";""
"28/04/2026";"1500";"";"";"";"";"";"";"";"";"";"";"";"";"";"";"";"";""
"28/04/2026";"1600";"";"";"";"";"";"";"";"";"";"";"";"";"";"";"";"";""
"28/04/2026";"1700";"";"";"";"";"";"";"";"";"";"";"";"";"";"";"";"";""
"28/04/2026";"1800";"";"";"";"";"";"";"";"";"";"";"";"";"";"";"";"";""
"28/04/2026";"1900";"";"";"";"";"";"";"";"";"";"";"";"";"";"";"";"";""
"28/04/2026";"2000";"";"";"";"";"";"";"";"";"";"";"";"";"";"";"";"";""
"28/04/2026";"2100";"";"";"";"";"";"";"";"";"";"";"";"";"";"";"";"";""
"28/04/2026";"2200";"";"";"";"";"";"";"";"";"";"";"";"";"";"";"";"";""
"28/04/2026";"2300";"";"";"";"";"";"";"";"";"";"";"";"";"";"";"";"";""
"29/04/2026";"0000";"";"";"";"";"";"";"";"";"";"";"";"";"";"";"";"";""
"29/04/2026";"0100";"";"";"";"";"";"";"";"";"";"";"";"";"";"";"";"";""
"29/04/2026";"0200";"";"";"";"";"";"";"";"";"";"";"";"";"";"";"";"";""
"29/04/2026";"0300";"";"";"";"";"";"";"";"";"";"";"";"";"";"";"";"";""
"29/04/2026";"0400";"";"";"";"";"";"";"";"";"";"";"";"";"";"";"";"";""
"29/04/2026";"0500";"";"";"";"";"";"";"";"";"";"";"";"";"";"";"";"";""
"29/04/2026";"0600";"";"";"";"";"";"";"";"";"";"";"";"";"";"";"";"";""
"29/04/2026";"0700";"";"";"";"";"";"";"";"";"";"";"";"";"";"";"";"";""
"29/04/2026";"0800";"";"";"";"";"";"";"";"";"";"";"";"";"";"";"";"";""
"29/04/2026";"0900";"";"";"";"";"";"";"";"";"";"";"";"";"";"";"";"";""
"29/04/2026";"1000";"";"";"";"";"";"";"";"";"";"";"";"";"";"";"";"";""
"29/04/2026";"1100";"";"";"";"";"";"";"";"";"";"";"";"";"";"";"";"";""
"29/04/2026";"1200";"";"";"";"";"";"";"";"";"";"";"";"";"";"";"";"";""
"29/04/2026";"1300";"";"";"";"";"";"";"";"";"";"";"";"";"";"";"";"";""
"29/04/2026";"1400";"";"";"";"";"";"";"";"";"";"";"";"";"";"";"";"";""
"29/04/2026";"1500";"";"";"";"";"";"";"";"";"";"";"";"";"";"";"";"";""
"29/04/2026";"1600";"";"";"";"";"";"";"";"";"";"";"";"";"";"";"";"";""
"29/04/2026";"1700";"";"";"";"";"";"";"";"";"";"";"";"";"";"";"";"";""
"29/04/2026";"1800";"";"";"";"";"";"";"";"";"";"";"";"";"";"";"";"";""
"29/04/2026";"1900";"";"";"";"";"";"";"";"";"";"";"";"";"";"";"";"";""
"29/04/2026";"2000";"";"";"";"";"";"";"";"";"";"";"";"";"";"";"";"";""
"29/04/2026";"2100";"";"";"";"";"";"";"";"";"";"";"";"";"";"";"";"";""
"29/04/2026";"2200";"";"";"";"";"";"";"";"";"";"";"";"";"";"";"";"";""
"29/04/2026";"2300";"";"";"";"";"";"";"";"";"";"";"";"";"";"";"";"";""
"30/04/2026";"0000";"";"";"";"";"";"";"";"";"";"";"";"";"";"";"";"";""
"30/04/2026";"0100";"";"";"";"";"";"";"";"";"";"";"";"";"";"";"";"";""
"30/04/2026";"0200";"";"";"";"";"";"";"";"";"";"";"";"";"";"";"";"";""
"30/04/2026";"0300";"";"";"";"";"";"";"";"";"";"";"";"";"";"";"";"";""
"30/04/2026";"0400";"";"";"";"";"";"";"";"";"";"";"";"";"";"";"";"";""
"30/04/2026";"0500";"";"";"";"";"";"";"";"";"";"";"";"";"";"";"";"";""
"30/04/2026";"0600";"";"";"";"";"";"";"";"";"";"";"";"";"";"";"";"";""
"30/04/2026";"0700";"";"";"";"";"";"";"";"";"";"";"";"";"";"";"";"";""
"30/04/2026";"0800";"";"";"";"";"";"";"";"";"";"";"";"";"";"";"";"";""
"30/04/2026";"0900";"";"";"";"";"";"";"";"";"";"";"";"";"";"";"";"";""
"30/04/2026";"1000";"";"";"";"";"";"";"";"";"";"";"";"";"";"";"";"";""
"30/04/2026";"1100";"";"";"";"";"";"";"";"";"";"";"";"";"";"";"";"";""
"30/04/2026";"1200";"";"";"";"";"";"";"";"";"";"";"";"";"";"";"";"";""
"30/04/2026";"1300";"";"";"";"";"";"";"";"";"";"";"";"";"";"";"";"";""
"30/04/2026";"1400";"";"";"";"";"";"";"";"";"";"";"";"";"";"";"";"";""
"30/04/2026";"1500";"";"";"";"";"";"";"";"";"";"";"";"";"";"";"";"";""
"30/04/2026";"1600";"";"";"";"";"";"";"";"";"";"";"";"";"";"";"";"";""
"30/04/2026";"1700";"";"";"";"";"";"";"";"";"";"";"";"";"";"";"";"";""
"30/04/2026";"1800";"";"";"";"";"";"";"";"";"";"";"";"";"";"";"";"";""
"30/04/2026";"1900";"";"";"";"";"";"";"";"";"";"";"";"";"";"";"";"";""
"30/04/2026";"2000";"";"";"";"";"";"";"";"";"";"";"";"";"";"";"";"";""
"30/04/2026";"2100";"";"";"";"";"";"";"";"";"";"";"";"";"";"";"";"";""
"30/04/2026";"2200";"";"";"";"";"";"";"";"";"";"";"";"";"";"";"";"";""
"30/04/2026";"2300";"";"";"";"";"";"";"";"";"";"";"";"";"";"";"";"";""